t,N0_3,N1_3,N2_3,N3_3,N4_3,N5_3,N6_3,N7_3,N8_3,N9_3
0,1,0,0,0,0,0,0,0,0,0
0.001,0.9865472668,0.01341225366,4.0449101e-05,3.046630755e-08,0,0,0,0,0,0
0.002,0.9732157285,0.02662275944,0.0001612683213,2.437304604e-07,0,0,0,0,0,0
0.003,0.9600048368,0.03963267504,0.000361665537,8.22590304e-07,0,0,0,0,0,0
0.004,0.9469140433,0.0524431582,0.000640848624,1.949843683e-06,0,0,0,0,0,0
0.005,0.9339427996,0.06505536662,0.0009980254583,3.808288444e-06,0,0,0,0,0,0
0.006,0.9210905573,0.07747045804,0.001432403916,6.580722432e-06,0,0,0,0,0,0
0.007,0.908356768,0.08968959017,0.001943191873,1.044994349e-05,0,0,0,0,0,0
0.008,0.8957408833,0.1017139207,0.002529597205,1.559874947e-05,0,0,0,0,0,0
0.009,0.8832423548,0.1135446074,0.003190827789,2.220993821e-05,0,0,0,0,0,0
0.01,0.8708606342,0.125182808,0.0039260915,3.046630755e-05,0,0,0,0,0,0
0.011,0.858595173,0.1366296802,0.004734596215,4.055065535e-05,0,0,0,0,0,0
0.012,0.8464454228,0.1478863816,0.005615549808,5.264577945e-05,0,0,0,0,0,0
0.013,0.8344108352,0.1589540701,0.006568160158,6.69344777e-05,0,0,0,0,0,0
0.014,0.8224908619,0.1698339034,0.007591635138,8.359954793e-05,0,0,0,0,0,0
0.015,0.8106849545,0.1805270391,0.008685182626,0.000102823788,0,0,0,0,0,0
0.016,0.7989925645,0.191034635,0.009848010497,0.0001247899957,0,0,0,0,0,0
0.017,0.7874131436,0.2013578488,0.01107932663,0.000149680969,0,0,0,0,0,0
0.018,0.7759461434,0.2114978382,0.01237833889,0.0001776795057,0,0,0,0,0,0
0.019,0.7645910154,0.221455761,0.01374425517,0.0002089684035,0,0,0,0,0,0
0.02,0.7533472113,0.2312327749,0.01517628334,0.0002437304604,0,0,0,0,0,0
0.021,0.7422141828,0.2408300375,0.01667363126,0.0002821484743,0,0,0,0,0,0
0.022,0.7311913813,0.2502487066,0.01823550683,0.0003244052428,0,0,0,0,0,0
0.023,0.7202782585,0.25948994,0.01986111792,0.000370683564,0,0,0,0,0,0
0.024,0.7094742661,0.2685548953,0.02154967239,0.0004211662356,0,0,0,0,0,0
0.025,0.6987788556,0.2774447303,0.02330037813,0.0004760360555,0,0,0,0,0,0
0.026,0.6881914785,0.2861606026,0.02511244302,0.0005354758216,0,0,0,0,0,0
0.027,0.6777115867,0.2947036701,0.02698507492,0.0005996683316,0,0,0,0,0,0
0.028,0.6673386315,0.3030750903,0.02891748172,0.0006687963834,0,0,0,0,0,0
0.029,0.6570720648,0.3112760212,0.03090887129,0.0007430427749,0,0,0,0,0,0
0.03,0.6469113379,0.3193076203,0.03295845151,0.000822590304,0,0,0,0,0,0
0.031,0.6368559027,0.3271710453,0.03506543025,0.0009076217683,0,0,0,0,0,0
0.032,0.6269052105,0.3348674541,0.0372290154,0.0009983199659,0,0,0,0,0,0
0.033,0.6170587132,0.3423980043,0.03944841481,0.001094867695,0,0,0,0,0,0
0.034,0.6073158622,0.3497638536,0.04172283638,0.001197447752,0,0,0,0,0,0
0.035,0.5976761093,0.3569661598,0.04405148798,0.001306242936,0,0,0,0,0,0
0.036,0.5881389059,0.3640060806,0.04643357748,0.001421436045,0,0,0,0,0,0
0.037,0.5787037037,0.3708847737,0.04886831276,0.001543209877,0,0,0,0,0,0
0.038,0.5693699543,0.3776033968,0.05135490169,0.001671747228,0,0,0,0,0,0
0.039,0.5601371094,0.3841631076,0.05389255216,0.001807230898,0,0,0,0,0,0
0.04,0.5510046204,0.3905650639,0.05648047203,0.001949843683,0,0,0,0,0,0
0.041,0.5419719391,0.3968104234,0.05911786919,0.002099768383,0,0,0,0,0,0
0.042,0.533038517,0.4029003437,0.0618039515,0.002257187794,0,0,0,0,0,0
0.043,0.5242038057,0.4088359827,0.06453792686,0.002422284715,0,0,0,0,0,0
0.044,0.5154672569,0.4146184981,0.06731900312,0.002595241943,0,0,0,0,0,0
0.045,0.5068283221,0.4202490474,0.07014638817,0.002776242276,0,0,0,0,0,0
0.046,0.498286453,0.4257287886,0.07301928988,0.002965468512,0,0,0,0,0,0
0.047,0.4898411011,0.4310588793,0.07593691614,0.003163103449,0,0,0,0,0,0
0.048,0.4814917182,0.4362404771,0.07889847481,0.003369329885,0,0,0,0,0,0
0.049,0.4732377557,0.44127474,0.08190317377,0.003584330617,0,0,0,0,0,0
0.05,0.4650786652,0.4461628254,0.0849502209,0.003808288444,0,0,0,0,0,0
0.051,0.4570138985,0.4509058913,0.08803882407,0.004041386163,0,0,0,0,0,0
0.052,0.449042907,0.4555050952,0.09116819116,0.004283806573,0,0,0,0,0,0
0.053,0.4411651425,0.459961595,0.09433753005,0.00453573247,0,0,0,0,0,0
0.054,0.4333800565,0.4642765483,0.09754604861,0.004797346653,0,0,0,0,0,0
0.055,0.4256871005,0.4684511128,0.1007929547,0.005068831919,0,0,0,0,0,0
0.056,0.4180857263,0.4724864464,0.1040774562,0.005350371067,0,0,0,0,0,0
0.057,0.4105753855,0.4763837066,0.1073987611,0.005642146895,0,0,0,0,0,0
0.058,0.4031555295,0.4801440512,0.1107560771,0.0059443422,0,0,0,0,0,0
0.059,0.3958256101,0.483768638,0.1141486121,0.006257139779,0,0,0,0,0,0
0.06,0.3885850789,0.4872586246,0.1175755741,0.006580722432,0,0,0,0,0,0
0.061,0.3814333874,0.4906151688,0.1210361709,0.006915272955,0,0,0,0,0,0
0.062,0.3743699872,0.4938394283,0.1245296104,0.007260974147,0,0,0,0,0,0
0.063,0.36739433,0.4969325608,0.1280551004,0.007618008805,0,0,0,0,0,0
0.064,0.3605058674,0.499895724,0.1316118488,0.007986559727,0,0,0,0,0,0
0.065,0.353704051,0.5027300757,0.1351990636,0.008366809712,0,0,0,0,0,0
0.066,0.3469883324,0.5054367735,0.1388159525,0.008758941557,0,0,0,0,0,0
0.067,0.3403581631,0.5080169753,0.1424617236,0.009163138059,0,0,0,0,0,0
0.068,0.3338129949,0.5104718386,0.1461355845,0.009579582017,0,0,0,0,0,0
0.069,0.3273522792,0.5128025213,0.1498367432,0.01000845623,0,0,0,0,0,0
0.07,0.3209754678,0.515010181,0.1535644077,0.01044994349,0,0,0,0,0,0
0.071,0.3146820122,0.5170959755,0.1573177857,0.0109042266,0,0,0,0,0,0
0.072,0.308471364,0.5190610625,0.1610960851,0.01137148836,0,0,0,0,0,0
0.073,0.3023429748,0.5209065997,0.1648985139,0.01185191157,0,0,0,0,0,0
0.074,0.2962962963,0.5226337449,0.1687242798,0.01234567901,0,0,0,0,0,0
0.075,0.29033078,0.5242436556,0.1725725909,0.0128529735,0,0,0,0,0,0
0.076,0.2844458776,0.5257374898,0.1764426548,0.01337397782,0,0,0,0,0,0
0.077,0.2786410406,0.527116405,0.1803336796,0.01390887479,0,0,0,0,0,0
0.078,0.2729157207,0.5283815591,0.1842448731,0.01445784718,0,0,0,0,0,0
0.079,0.2672693694,0.5295341096,0.1881754431,0.01502107781,0,0,0,0,0,0
0.08,0.2617014385,0.5305752144,0.1921245976,0.01559874947,0,0,0,0,0,0
0.081,0.2562113794,0.5315060312,0.1960915444,0.01619104495,0,0,0,0,0,0
0.082,0.2507986438,0.5323277177,0.2000754914,0.01679814706,0,0,0,0,0,0
0.083,0.2454626833,0.5330414316,0.2040756465,0.0174202386,0,0,0,0,0,0
0.084,0.2402029495,0.5336483306,0.2080912176,0.01805750235,0,0,0,0,0,0
0.085,0.235018894,0.5341495724,0.2121214125,0.01871012113,0,0,0,0,0,0
0.086,0.2299099684,0.5345463148,0.216165439,0.01937827772,0,0,0,0,0,0
0.087,0.2248756243,0.5348397155,0.2202225052,0.02006215492,0,0,0,0,0,0
0.088,0.2199153134,0.5350309322,0.2242918188,0.02076193554,0,0,0,0,0,0
0.089,0.2150284872,0.5351211227,0.2283725877,0.02147780237,0,0,0,0,0,0
0.09,0.2102145974,0.5351114445,0.2324640199,0.02220993821,0,0,0,0,0,0
0.091,0.2054730954,0.5350030556,0.2365653231,0.02295852585,0,0,0,0,0,0
0.092,0.2008034331,0.5347971135,0.2406757053,0.0237237481,0,0,0,0,0,0
0.093,0.1962050619,0.534494776,0.2447943744,0.02450578775,0,0,0,0,0,0
0.094,0.1916774335,0.5340972008,0.2489205381,0.02530482759,0,0,0,0,0,0
0.095,0.1872199994,0.5336055457,0.2530534044,0.02612105044,0,0,0,0,0,0
0.096,0.1828322113,0.5330209684,0.2571921812,0.02695463908,0,0,0,0,0,0
0.097,0.1785135208,0.5323446265,0.2613360764,0.02780577631,0,0,0,0,0,0
0.098,0.1742633795,0.5315776778,0.2654842977,0.02867464494,0,0,0,0,0,0
0.099,0.170081239,0.5307212801,0.2696360531,0.02956142775,0,0,0,0,0,0
0.1,0.1659665509,0.529776591,0.2737905506,0.03046630755,0,0,0,0,0,0
0.101,0.1619187668,0.5287447682,0.2779469978,0.03138946714,0,0,0,0,0,0
0.102,0.1579373384,0.5276269696,0.2821046028,0.03233108931,0,0,0,0,0,0
0.103,0.1540217171,0.5264243527,0.2862625733,0.03329135685,0,0,0,0,0,0
0.104,0.1501713547,0.5251380753,0.2904201174,0.03427045258,0,0,0,0,0,0
0.105,0.1463857027,0.5237692952,0.2945764428,0.03526855928,0,0,0,0,0,0
0.106,0.1426642128,0.5223191701,0.2987307574,0.03628585976,0,0,0,0,0,0
0.107,0.1390063365,0.5207888576,0.3028822691,0.03732253681,0,0,0,0,0,0
0.108,0.1354115255,0.5191795155,0.3070301858,0.03837877322,0,0,0,0,0,0
0.109,0.1318792313,0.5174923016,0.3111737153,0.03945475181,0,0,0,0,0,0
0.11,0.1284089056,0.5157283735,0.3153120656,0.04055065535,0,0,0,0,0,0
0.111,0.125,0.5138888889,0.3194444444,0.04166666667,0,0,0,0,0,0
0.112,0.1216519661,0.5119750056,0.3235700598,0.04280296854,0,0,0,0,0,0
0.113,0.1183642554,0.5099878813,0.3276881195,0.04395974377,0,0,0,0,0,0
0.114,0.1151363197,0.5079286737,0.3317978314,0.04513717516,0,0,0,0,0,0
0.115,0.1119676104,0.5057985406,0.3358984035,0.0463354455,0,0,0,0,0,0
0.116,0.1088575793,0.5035986396,0.3399890435,0.0475547376,0,0,0,0,0,0
0.117,0.1058056778,0.5013301285,0.3440689594,0.04879523424,0,0,0,0,0,0
0.118,0.1028113577,0.498994165,0.348137359,0.05005711823,0,0,0,0,0,0
0.119,0.09987407056,0.4965919068,0.3521934502,0.05134057237,0,0,0,0,0,0
0.12,0.09699326792,0.4941245117,0.356236441,0.05264577945,0,0,0,0,0,0
0.121,0.09416840142,0.4915931372,0.3602655391,0.05397292228,0,0,0,0,0,0
0.122,0.09139892266,0.4889989413,0.3642799524,0.05532218364,0,0,0,0,0,0
0.123,0.08868428326,0.4863430816,0.3682788888,0.05669374634,0,0,0,0,0,0
0.124,0.08602393482,0.4836267158,0.3722615563,0.05808779317,0,0,0,0,0,0
0.125,0.08341732894,0.4808510016,0.3762271626,0.05950450694,0,0,0,0,0,0
0.126,0.08086391724,0.4780170967,0.3801749156,0.06094407044,0,0,0,0,0,0
0.127,0.07836315132,0.4751261589,0.3841040233,0.06240666647,0,0,0,0,0,0
0.128,0.07591448278,0.472179346,0.3880136934,0.06389247782,0,0,0,0,0,0
0.129,0.07351736324,0.4691778155,0.391903134,0.0654016873,0,0,0,0,0,0
0.13,0.07117124429,0.4661227253,0.3957715527,0.0669344777,0,0,0,0,0,0
0.131,0.06887557755,0.463015233,0.3996181576,0.06849103182,0,0,0,0,0,0
0.132,0.06662981462,0.4598564964,0.4034421565,0.07007153245,0,0,0,0,0,0
0.133,0.06443340711,0.4566476732,0.4072427573,0.07167616241,0,0,0,0,0,0
0.134,0.06228580662,0.453389921,0.4110191679,0.07330510447,0,0,0,0,0,0
0.135,0.06018646477,0.4500843978,0.414770596,0.07495854145,0,0,0,0,0,0
0.136,0.05813483315,0.446732261,0.4184962497,0.07663665614,0,0,0,0,0,0
0.137,0.05613036338,0.4433346686,0.4221953367,0.07833963133,0,0,0,0,0,0
0.138,0.05417250706,0.4398927781,0.425867065,0.08006764983,0,0,0,0,0,0
0.139,0.05226071579,0.4364077473,0.4295106424,0.08182089443,0,0,0,0,0,0
0.14,0.05039444119,0.432880734,0.4331252769,0.08359954793,0,0,0,0,0,0
0.141,0.04857313486,0.4293128958,0.4367101762,0.08540379313,0,0,0,0,0,0
0.142,0.0467962484,0.4257053905,0.4402645483,0.08723381282,0,0,0,0,0,0
0.143,0.04506323343,0.4220593757,0.443787601,0.08908978981,0,0,0,0,0,0
0.144,0.04337354155,0.4183760093,0.4472785422,0.0909719069,0,0,0,0,0,0
0.145,0.04172662436,0.4146564489,0.4507365799,0.09288034687,0,0,0,0,0,0
0.146,0.04012193347,0.4109018523,0.4541609217,0.09481529253,0,0,0,0,0,0
0.147,0.0385589205,0.4071133771,0.4575507758,0.09677692667,0,0,0,0,0,0
0.148,0.03703703704,0.4032921811,0.4609053498,0.0987654321,0,0,0,0,0,0
0.149,0.0355557347,0.399439422,0.4642238517,0.1007809916,0,0,0,0,0,0
0.15,0.03411446509,0.3955562575,0.4675054894,0.102823788,0,0,0,0,0,0
0.151,0.03271267981,0.3916438454,0.4707494708,0.1048940041,0,0,0,0,0,0
0.152,0.03134983047,0.3877033433,0.4739550036,0.1069918226,0,0,0,0,0,0
0.153,0.03002536868,0.383735909,0.4771212959,0.1091174264,0,0,0,0,0,0
0.154,0.02873874605,0.3797427003,0.4802475554,0.1112709983,0,0,0,0,0,0
0.155,0.02748941418,0.3757248747,0.4833329901,0.113452721,0,0,0,0,0,0
0.156,0.02627682467,0.3716835901,0.4863768078,0.1156627775,0,0,0,0,0,0
0.157,0.02510042914,0.3676200041,0.4893782164,0.1179013503,0,0,0,0,0,0
0.158,0.02395967918,0.3635352746,0.4923364238,0.1201686225,0,0,0,0,0,0
0.159,0.02285402642,0.3594305591,0.4952506378,0.1224647767,0,0,0,0,0,0
0.16,0.02178292244,0.3553070155,0.4981200663,0.1247899957,0,0,0,0,0,0
0.161,0.02074581886,0.3511658014,0.5009439173,0.1271444625,0,0,0,0,0,0
0.162,0.0197421673,0.3470080745,0.5037213985,0.1295283596,0,0,0,0,0,0
0.163,0.01877141934,0.3428349927,0.5064517179,0.13194187,0,0,0,0,0,0
0.164,0.0178330266,0.3386477135,0.5091340834,0.1343851765,0,0,0,0,0,0
0.165,0.01692644068,0.3344473948,0.5117677027,0.1368584618,0,0,0,0,0,0
0.166,0.0160511132,0.3302351942,0.5143517838,0.1393619088,0,0,0,0,0,0
0.167,0.01520649576,0.3260122695,0.5168855346,0.1418957002,0,0,0,0,0,0
0.168,0.01439203996,0.3217797783,0.5193681629,0.1444600188,0,0,0,0,0,0
0.169,0.01360719741,0.3175388785,0.5217988766,0.1470550475,0,0,0,0,0,0
0.17,0.01285141972,0.3132907276,0.5241768836,0.149680969,0,0,0,0,0,0
0.171,0.01212415849,0.3090364835,0.5265013918,0.1523379662,0,0,0,0,0,0
0.172,0.01142486533,0.3047773039,0.528771609,0.1550262217,0,0,0,0,0,0
0.173,0.01075299185,0.3005143464,0.5309867432,0.1577459186,0,0,0,0,0,0
0.174,0.01010798966,0.2962487689,0.5331460021,0.1604972394,0,0,0,0,0,0
0.175,0.009489310348,0.2919817289,0.5352485937,0.163280367,0,0,0,0,0,0
0.176,0.008896405536,0.2877143843,0.5372937258,0.1660954843,0,0,0,0,0,0
0.177,0.008328726828,0.2834478927,0.5392806064,0.168942774,0,0,0,0,0,0
0.178,0.007785725828,0.279183412,0.5412084432,0.171822419,0,0,0,0,0,0
0.179,0.007266854144,0.2749220997,0.5430764443,0.1747346019,0,0,0,0,0,0
0.18,0.006771563382,0.2706651136,0.5448838173,0.1776795057,0,0,0,0,0,0
0.181,0.006299305149,0.2664136115,0.5466297703,0.180657313,0,0,0,0,0,0
0.182,0.00584953105,0.262168751,0.5483135111,0.1836682068,0,0,0,0,0,0
0.183,0.005421692693,0.2579316899,0.5499342476,0.1867123698,0,0,0,0,0,0
0.184,0.005015241684,0.2537035859,0.5514911876,0.1897899848,0,0,0,0,0,0
0.185,0.00462962963,0.2494855967,0.5529835391,0.1929012346,0,0,0,0,0,0
0.186,0.004264308136,0.24527888,0.5544105099,0.196046302,0,0,0,0,0,0
0.187,0.003918728809,0.2410845936,0.5557713078,0.1992253698,0,0,0,0,0,0
0.188,0.003592343256,0.2369038952,0.5570651408,0.2024386207,0,0,0,0,0,0
0.189,0.003284603084,0.2327379425,0.5582912167,0.2056862377,0,0,0,0,0,0
0.19,0.002994959898,0.2285878931,0.5594487434,0.2089684035,0,0,0,0,0,0
0.191,0.002722865305,0.2244549049,0.5605369289,0.2122853009,0,0,0,0,0,0
0.192,0.002467770912,0.2203401356,0.5615549808,0.2156371126,0,0,0,0,0,0
0.193,0.002229128325,0.2162447428,0.5625021073,0.2190240216,0,0,0,0,0,0
0.194,0.00200638915,0.2121698844,0.563377516,0.2224462105,0,0,0,0,0,0
0.195,0.001799004995,0.2081167179,0.5641804149,0.2259038622,0,0,0,0,0,0
0.196,0.001606427465,0.2040864011,0.5649100119,0.2293971595,0,0,0,0,0,0
0.197,0.001428108167,0.2000800919,0.5655655148,0.2329262852,0,0,0,0,0,0
0.198,0.001263498707,0.1960989477,0.5661461315,0.236491422,0,0,0,0,0,0
0.199,0.001112050692,0.1921441265,0.5666510699,0.2400927528,0,0,0,0,0,0
0.2,0.0009732157285,0.1882167859,0.5670795379,0.2437304604,0,0,0,0,0,0
0.201,0.0008464454228,0.1843180836,0.5674307434,0.2474047276,0,0,0,0,0,0
0.202,0.0007311913813,0.1804491774,0.5677038941,0.2511157371,0,0,0,0,0,0
0.203,0.0006269052105,0.1766112249,0.5678981981,0.2548636718,0,0,0,0,0,0
0.204,0.000533038517,0.1728053839,0.5680128631,0.2586487145,0,0,0,0,0,0
0.205,0.000449042907,0.1690328121,0.5680470971,0.2624710479,0,0,0,0,0,0
0.206,0.0003743699872,0.1652946673,0.5680001079,0.2663308548,0,0,0,0,0,0
0.207,0.000308471364,0.1615921071,0.5678711034,0.2702283182,0,0,0,0,0,0
0.208,0.0002507986438,0.1579262892,0.5676592915,0.2741636206,0,0,0,0,0,0
0.209,0.0002008034331,0.1542983715,0.56736388,0.2781369451,0,0,0,0,0,0
0.21,0.0001579373384,0.1507095116,0.5669840768,0.2821484743,0,0,0,0,0,0
0.211,0.0001216519661,0.1471608671,0.5665190899,0.286198391,0,0,0,0,0,0
0.212,9.139892266e-05,0.143653596,0.565968127,0.2902868781,0,0,0,0,0,0
0.213,6.662981462e-05,0.1401888558,0.5653303961,0.2944141183,0,0,0,0,0,0
0.214,4.67962484e-05,0.1367678042,0.5646051051,0.2985802944,0,0,0,0,0,0
0.215,3.134983047e-05,0.1333915991,0.5637914617,0.3027855893,0,0,0,0,0,0
0.216,1.97421673e-05,0.1300613981,0.5628886739,0.3070301858,0,0,0,0,0,0
0.217,1.142486533e-05,0.126778359,0.5618959496,0.3113142665,0,0,0,0,0,0
0.218,5.84953105e-06,0.1235436394,0.5608124966,0.3156380144,0,0,0,0,0,0
0.219,2.467770912e-06,0.1203583971,0.5596375228,0.3200016123,0,0,0,0,0,0
0.22,7.311913813e-07,0.1172237898,0.5583702362,0.3244052428,0,0,0,0,0,0
0.221,9.139892266e-08,0.1141409752,0.5570098444,0.3288490889,0,0,0,0,0,0
0.222,0,0.1111111111,0.5555555556,0.3333333333,0,0,0,0,0,0
0.223,0,0.1081350809,0.554006943,0.3378578546,1.215003643e-07,0,0,0,0,0
0.224,0,0.1052126715,0.5523650426,0.3424213139,9.720029141e-07,0,0,0,0,0
0.225,0,0.1023433953,0.5506312558,0.3470220684,3.280509835e-06,0,0,0,0,0
0.226,0,0.09952676481,0.5488069841,0.3516584751,7.776023313e-06,0,0,0,0,0
0.227,0,0.09676229269,0.5468936289,0.3563288909,1.518754553e-05,0,0,0,0,0
0.228,0,0.09404949142,0.5448925916,0.3610316729,2.624407868e-05,0,0,0,0,0
0.229,0,0.09138787355,0.5428052738,0.365765178,4.167462494e-05,0,0,0,0,0
0.23,0,0.08877695161,0.5406330769,0.3705277633,6.22081865e-05,0,0,0,0,0
0.231,0,0.08621623815,0.5383774022,0.3753177858,8.857376554e-05,0,0,0,0,0
0.232,0,0.08370524571,0.5360396514,0.3801336026,0.0001215003643,0,0,0,0,0
0.233,0,0.08124348681,0.5336212257,0.3849735705,0.0001617169848,0,0,0,0,0
0.234,0,0.07883047401,0.5311235267,0.3898360466,0.0002099526294,0,0,0,0,0
0.235,0,0.07646571984,0.5285479559,0.394719388,0.0002669363003,0,0,0,0,0
0.236,0,0.07414873684,0.5258959146,0.3996219516,0.0003333969995,0,0,0,0,0
0.237,0,0.07187903755,0.5231688043,0.4045420944,0.0004100637294,0,0,0,0,0
0.238,0,0.0696561345,0.5203680265,0.4094781735,0.000497665492,0,0,0,0,0
0.239,0,0.06747954025,0.5174949826,0.4144285459,0.0005969312896,0,0,0,0,0
0.24,0,0.06534876732,0.5145510741,0.4193915685,0.0007085901244,0,0,0,0,0
0.241,0,0.06326332826,0.5115377024,0.4243655984,0.0008333709984,0,0,0,0,0
0.242,0,0.0612227356,0.5084562689,0.4293489925,0.0009720029141,0,0,0,0,0
0.243,0,0.05922650189,0.5053081752,0.434340108,0.001125214873,0,0,0,0,0
0.244,0,0.05727413965,0.5020948227,0.4393373018,0.001293735879,0,0,0,0,0
0.245,0,0.05536516144,0.4988176128,0.4443389309,0.001478294932,0,0,0,0,0
0.246,0,0.0534990798,0.4954779469,0.4493433523,0.001679621036,0,0,0,0,0
0.247,0,0.05167540725,0.4920772266,0.454348923,0.001898443192,0,0,0,0,0
0.248,0,0.04989365634,0.4886168532,0.4593540001,0.002135490402,0,0,0,0,0
0.249,0,0.04815333961,0.4850982283,0.4643569405,0.00239149167,0,0,0,0,0
0.25,0,0.04645396959,0.4815227532,0.4693561012,0.002667175996,0,0,0,0,0
0.251,0,0.04479505884,0.4778918294,0.4743498394,0.002963272384,0,0,0,0,0
0.252,0,0.04317611987,0.4742068584,0.4793365119,0.003280509835,0,0,0,0,0
0.253,0,0.04159666525,0.4704692417,0.4843144757,0.003619617352,0,0,0,0,0
0.254,0,0.04005620749,0.4666803806,0.489282088,0.003981323936,0,0,0,0,0
0.255,0,0.03855425915,0.4628416766,0.4942377057,0.00436635859,0,0,0,0,0
0.256,0,0.03709033276,0.4589545312,0.4991796857,0.004775450317,0,0,0,0,0
0.257,0,0.03566394087,0.4550203458,0.5041063852,0.005209328118,0,0,0,0,0
0.258,0,0.034274596,0.4510405219,0.5090161611,0.005668720995,0,0,0,0,0
0.259,0,0.0329218107,0.4470164609,0.5139073704,0.006154357951,0,0,0,0,0
0.26,0,0.03160509751,0.4429495643,0.5187783702,0.006666967988,0,0,0,0,0
0.261,0,0.03032396897,0.4388412335,0.5236275174,0.007207280107,0,0,0,0,0
0.262,0,0.02907793761,0.43469287,0.5284531691,0.007776023313,0,0,0,0,0
0.263,0,0.02786651598,0.4305058752,0.5332536823,0.008373926605,0,0,0,0,0
0.264,0,0.02668921661,0.4262816505,0.5380274139,0.009001718987,0,0,0,0,0
0.265,0,0.02554555205,0.4220215975,0.542772721,0.009660129461,0,0,0,0,0
0.266,0,0.02443503482,0.4177271176,0.5474879606,0.01034988703,0,0,0,0,0
0.267,0,0.02335717748,0.4133996122,0.5521714896,0.01107172069,0,0,0,0,0
0.268,0,0.02231149257,0.4090404827,0.5568216652,0.01182635946,0,0,0,0,0
0.269,0,0.02129749261,0.4046511307,0.5614368444,0.01261453232,0,0,0,0,0
0.27,0,0.02031469015,0.4002329576,0.566015384,0.01343696828,0,0,0,0,0
0.271,0,0.01936259772,0.3957873648,0.5705556412,0.01429439635,0,0,0,0,0
0.272,0,0.01844072788,0.3913157537,0.5750559729,0.01518754553,0,0,0,0,0
0.273,0,0.01754859315,0.3868195259,0.5795147361,0.01611714482,0,0,0,0,0
0.274,0,0.01668570608,0.3823000827,0.583930288,0.01708392322,0,0,0,0,0
0.275,0,0.0158515792,0.3777588257,0.5883009854,0.01808860973,0,0,0,0,0
0.276,0,0.01504572505,0.3731971563,0.5926251853,0.01913193336,0,0,0,0,0
0.277,0,0.01426765618,0.3686164758,0.5969012449,0.0202146231,0,0,0,0,0
0.278,0,0.01351688512,0.3640181859,0.601127521,0.02133740797,0,0,0,0,0
0.279,0,0.01279292441,0.3594036878,0.6053023708,0.02250101696,0,0,0,0,0
0.28,0,0.01209528659,0.3547743832,0.6094241512,0.02370617907,0,0,0,0,0
0.281,0,0.01142348419,0.3501316734,0.6134912191,0.02495362331,0,0,0,0,0
0.282,0,0.01077702977,0.3454769598,0.6175019318,0.02624407868,0,0,0,0,0
0.283,0,0.01015543585,0.340811644,0.621454646,0.02757827418,0,0,0,0,0
0.284,0,0.00955821498,0.3361371273,0.6253477189,0.02895693881,0,0,0,0,0
0.285,0,0.008984879693,0.3314548113,0.6291795074,0.03038080158,0,0,0,0,0
0.286,0,0.008434942531,0.3267660973,0.6329483687,0.03185059149,0,0,0,0,0
0.287,0,0.007907916032,0.3220723869,0.6366526595,0.03336703753,0,0,0,0,0
0.288,0,0.007403312736,0.3173750814,0.6402907371,0.03493086872,0,0,0,0,0
0.289,0,0.006920645181,0.3126755824,0.6438609584,0.03654281406,0,0,0,0,0
0.29,0,0.006459425906,0.3079752913,0.6473616803,0.03820360253,0,0,0,0,0
0.291,0,0.006019167451,0.3032756094,0.65079126,0.03991396316,0,0,0,0,0
0.292,0,0.005599382355,0.2985779384,0.6541480543,0.04167462494,0,0,0,0,0
0.293,0,0.005199583156,0.2938836796,0.6574304204,0.04348631687,0,0,0,0,0
0.294,0,0.004819282394,0.2891942344,0.6606367152,0.04534976796,0,0,0,0,0
0.295,0,0.004457992608,0.2845110044,0.6637652958,0.0472657072,0,0,0,0,0
0.296,0,0.004115226337,0.2798353909,0.6668145191,0.04923486361,0,0,0,0,0
0.297,0,0.003790496121,0.2751687955,0.6697827422,0.05125796617,0,0,0,0,0
0.298,0,0.003483314497,0.2705126196,0.672668322,0.0533357439,0,0,0,0,0
0.299,0,0.003193194006,0.2658682646,0.6754696156,0.0554689258,0,0,0,0,0
0.3,0,0.002919647186,0.2612371319,0.67818498,0.05765824086,0,0,0,0,0
0.301,0,0.002662186576,0.2566206231,0.6808127722,0.05990441809,0,0,0,0,0
0.302,0,0.002420324716,0.2520201396,0.6833513492,0.0622081865,0,0,0,0,0
0.303,0,0.002193574144,0.2474370828,0.685799068,0.06457027508,0,0,0,0,0
0.304,0,0.0019814474,0.2428728542,0.6881542856,0.06699141284,0,0,0,0,0
0.305,0,0.001783457022,0.2383288552,0.690415359,0.06947232878,0,0,0,0,0
0.306,0,0.001599115551,0.2338064873,0.6925806453,0.0720137519,0,0,0,0,0
0.307,0,0.001427935524,0.2293071519,0.6946485014,0.0746164112,0,0,0,0,0
0.308,0,0.001269429481,0.2248322505,0.6966172844,0.07728103569,0,0,0,0,0
0.309,0,0.001123109962,0.2203831845,0.6984853512,0.08000835437,0,0,0,0,0
0.31,0,0.000988489504,0.2159613554,0.7002510589,0.08279909623,0,0,0,0,0
0.311,0,0.0008650806476,0.2115681646,0.7019127644,0.08565399029,0,0,0,0,0
0.312,0,0.0007523959314,0.2072050136,0.7034688249,0.08857376554,0,0,0,0,0
0.313,0,0.0006499478945,0.2028733039,0.7049175972,0.09155915099,0,0,0,0,0
0.314,0,0.000557249076,0.1985744368,0.7062574385,0.09461087564,0,0,0,0,0
0.315,0,0.0004738120151,0.1943098138,0.7074867057,0.09772966849,0,0,0,0,0
0.316,0,0.0003991492507,0.1900808365,0.7086037557,0.1009162585,0,0,0,0,0
0.317,0,0.000332773322,0.1858889061,0.7096069458,0.1041713748,0,0,0,0,0
0.318,0,0.000274196768,0.1817354242,0.7104946327,0.1074957463,0,0,0,0,0
0.319,0,0.0002229321278,0.1776217923,0.7112651736,0.1108901019,0,0,0,0,0
0.32,0,0.0001784919405,0.1735494118,0.7119169255,0.1143551708,0,0,0,0,0
0.321,0,0.0001403887452,0.169519684,0.7124482453,0.1178916819,0,0,0,0,0
0.322,0,0.0001081350809,0.1655340106,0.7128574901,0.1215003643,0,0,0,0,0
0.323,0,8.124348681e-05,0.1615937929,0.7131430168,0.1251819468,0,0,0,0,0
0.324,0,5.922650189e-05,0.1577004324,0.7133031826,0.1289371586,0,0,0,0,0
0.325,0,4.159666525e-05,0.1538553305,0.7133363443,0.1327667285,0,0,0,0,0
0.326,0,2.786651598e-05,0.1500598886,0.7132408591,0.1366713857,0,0,0,0,0
0.327,0,1.754859315e-05,0.1463155083,0.7130150839,0.1406518592,0,0,0,0,0
0.328,0,1.015543585e-05,0.142623591,0.7126573757,0.1447088778,0,0,0,0,0
0.329,0,5.199583156e-06,0.1389855382,0.7121660915,0.1488431707,0,0,0,0,0
0.33,0,2.193574144e-06,0.1354027512,0.7115395884,0.1530554669,0,0,0,0,0
0.331,0,6.499478945e-07,0.1318766315,0.7107762233,0.1573464952,0,0,0,0,0
0.332,0,8.124348681e-08,0.1284085806,0.7098743533,0.1617169848,0,0,0,0,0
0.333,0,0,0.125,0.7088323353,0.1661676647,0,0,0,0,0
0.334,0,0,0.1216519661,0.7076491341,0.1706987788,1.209555196e-07,0,0,0,0
0.335,0,0,0.1183642554,0.7063261451,0.1753086318,9.676441566e-07,0,0,0,0
0.336,0,0,0.1151363197,0.7048653715,0.179995043,3.265799029e-06,0,0,0,0
0.337,0,0,0.1119676104,0.7032688163,0.1847558321,7.741153253e-06,0,0,0,0
0.338,0,0,0.1088575793,0.7015384827,0.1895888186,1.511943995e-05,0,0,0,0
0.339,0,0,0.1058056778,0.6996763738,0.194491822,2.612639223e-05,0,0,0,0
0.34,0,0,0.1028113577,0.6976844928,0.1994626618,4.148774321e-05,0,0,0,0
0.341,0,0,0.09987407056,0.6955648427,0.2044991575,6.192922602e-05,0,0,0,0
0.342,0,0,0.09699326792,0.6933194267,0.2095991288,8.817657377e-05,0,0,0,0
0.343,0,0,0.09416840142,0.690950248,0.214760395,0.0001209555196,0,0,0,0
0.344,0,0,0.09139892266,0.6884593097,0.2199807759,0.0001609917966,0,0,0,0
0.345,0,0,0.08868428326,0.6858486148,0.2252580908,0.0002090111378,0,0,0,0
0.346,0,0,0.08602393482,0.6831201666,0.2305901593,0.0002657392765,0,0,0,0
0.347,0,0,0.08341732894,0.6802759681,0.2359748011,0.0003319019457,0,0,0,0
0.348,0,0,0.08086391724,0.6773180224,0.2414098354,0.0004082248786,0,0,0,0
0.349,0,0,0.07836315132,0.6742483328,0.246893082,0.0004954338082,0,0,0,0
0.35,0,0,0.07591448278,0.6710689024,0.2524223604,0.0005942544677,0,0,0,0
0.351,0,0,0.07351736324,0.6677817342,0.25799549,0.0007054125902,0,0,0,0
0.352,0,0,0.07117124429,0.6643888313,0.2636102905,0.0008296339088,0,0,0,0
0.353,0,0,0.06887557755,0.660892197,0.2692645812,0.0009676441566,0,0,0,0
0.354,0,0,0.06662981462,0.6572938344,0.2749561819,0.001120169067,0,0,0,0
0.355,0,0,0.06443340711,0.6535957466,0.280682912,0.001287934372,0,0,0,0
0.356,0,0,0.06228580662,0.6497999366,0.286442591,0.001471665807,0,0,0,0
0.357,0,0,0.06018646477,0.6459084077,0.2922330384,0.001672089103,0,0,0,0
0.358,0,0,0.05813483315,0.6419231629,0.2980520739,0.001889929993,0,0,0,0
0.359,0,0,0.05613036338,0.6378462055,0.3038975169,0.002125914212,0,0,0,0
0.36,0,0,0.05417250706,0.6336795385,0.309767187,0.002380767492,0,0,0,0
0.361,0,0,0.05226071579,0.629425165,0.3156589036,0.002655215566,0,0,0,0
0.362,0,0,0.05039444119,0.6250850882,0.3215704864,0.002949984167,0,0,0,0
0.363,0,0,0.04857313486,0.6206613112,0.3274997549,0.003265799029,0,0,0,0
0.364,0,0,0.0467962484,0.6161558372,0.3334445285,0.003603385884,0,0,0,0
0.365,0,0,0.04506323343,0.6115706692,0.3394026269,0.003963470465,0,0,0,0
0.366,0,0,0.04337354155,0.6069078105,0.3453718695,0.004346778507,0,0,0,0
0.367,0,0,0.04172662436,0.602169264,0.3513500759,0.004754035741,0,0,0,0
0.368,0,0,0.04012193347,0.597357033,0.3573350656,0.005185967902,0,0,0,0
0.369,0,0,0.0385589205,0.5924731206,0.3633246581,0.005643300721,0,0,0,0
0.37,0,0,0.03703703704,0.5875195299,0.3693166731,0.006126759933,0,0,0,0
0.371,0,0,0.0355557347,0.5824982641,0.3753089299,0.00663707127,0,0,0,0
0.372,0,0,0.03411446509,0.5774113262,0.3812992482,0.007174960466,0,0,0,0
0.373,0,0,0.03271267981,0.5722607194,0.3872854475,0.007741153253,0,0,0,0
0.374,0,0,0.03134983047,0.5670484469,0.3932653473,0.008336375365,0,0,0,0
0.375,0,0,0.03002536868,0.5617765117,0.3992367671,0.008961352534,0,0,0,0
0.376,0,0,0.02873874605,0.556446917,0.4051975265,0.009616810495,0,0,0,0
0.377,0,0,0.02748941418,0.5510616659,0.4111454449,0.01030347498,0,0,0,0
0.378,0,0,0.02627682467,0.5456227616,0.417078342,0.01102207172,0,0,0,0
0.379,0,0,0.02510042914,0.5401322071,0.4229940373,0.01177332645,0,0,0,0
0.38,0,0,0.02395967918,0.5345920056,0.4288903503,0.01255796491,0,0,0,0
0.381,0,0,0.02285402642,0.5290041603,0.4347651005,0.01337671282,0,0,0,0
0.382,0,0,0.02178292244,0.5233706742,0.4406161074,0.01423029592,0,0,0,0
0.383,0,0,0.02074581886,0.5176935505,0.4464411907,0.01511943995,0,0,0,0
0.384,0,0,0.0197421673,0.5119747923,0.4522381698,0.01604487063,0,0,0,0
0.385,0,0,0.01877141934,0.5062164028,0.4580048642,0.0170073137,0,0,0,0
0.386,0,0,0.0178330266,0.500420385,0.4637390935,0.01800749489,0,0,0,0
0.387,0,0,0.01692644068,0.4945887422,0.4694386772,0.01904613993,0,0,0,0
0.388,0,0,0.0160511132,0.4887234773,0.4751014349,0.02012397457,0,0,0,0
0.389,0,0,0.01520649576,0.4828265937,0.480725186,0.02124172453,0,0,0,0
0.39,0,0,0.01439203996,0.4769000943,0.4863077502,0.02240011554,0,0,0,0
0.391,0,0,0.01360719741,0.4709459824,0.4918469469,0.02359987334,0,0,0,0
0.392,0,0,0.01285141972,0.464966261,0.4973405957,0.02484172365,0,0,0,0
0.393,0,0,0.01212415849,0.4589629332,0.5027865161,0.02612639223,0,0,0,0
0.394,0,0,0.01142486533,0.4529380023,0.5081825276,0.02745460479,0,0,0,0
0.395,0,0,0.01075299185,0.4468934713,0.5135264498,0.02882708707,0,0,0,0
0.396,0,0,0.01010798966,0.4408313434,0.5188161022,0.0302445648,0,0,0,0
0.397,0,0,0.009489310348,0.4347536217,0.5240493043,0.03170776372,0,0,0,0
0.398,0,0,0.008896405536,0.4286623092,0.5292238757,0.03321740956,0,0,0,0
0.399,0,0,0.008328726828,0.4225594093,0.5343376358,0.03477422806,0,0,0,0
0.4,0,0,0.007785725828,0.4164469249,0.5393884043,0.03637894493,0,0,0,0
0.401,0,0,0.007266854144,0.4103268592,0.5443740007,0.03803228593,0,0,0,0
0.402,0,0,0.006771563382,0.4042012154,0.5492922445,0.03973497678,0,0,0,0
0.403,0,0,0.006299305149,0.3980719965,0.5541409551,0.04148774321,0,0,0,0
0.404,0,0,0.00584953105,0.3919412057,0.5589179523,0.04329131097,0,0,0,0
0.405,0,0,0.005421692693,0.3858108461,0.5636210554,0.04514640577,0,0,0,0
0.406,0,0,0.005015241684,0.3796829209,0.568248084,0.04705375336,0,0,0,0
0.407,0,0,0.00462962963,0.3735594332,0.5727968577,0.04901407946,0,0,0,0
0.408,0,0,0.004264308136,0.3674423861,0.577265196,0.05102810982,0,0,0,0
0.409,0,0,0.003918728809,0.3613337827,0.5816509183,0.05309657016,0,0,0,0
0.41,0,0,0.003592343256,0.3552356262,0.5859518443,0.05522018622,0,0,0,0
0.411,0,0,0.003284603084,0.3491499197,0.5901657935,0.05739968373,0,0,0,0
0.412,0,0,0.002994959898,0.3430786663,0.5942905854,0.05963578842,0,0,0,0
0.413,0,0,0.002722865305,0.3370238691,0.5983240396,0.06192922602,0,0,0,0
0.414,0,0,0.002467770912,0.3309875314,0.6022639755,0.06428072228,0,0,0,0
0.415,0,0,0.002229128325,0.3249716561,0.6061082127,0.06669100292,0,0,0,0
0.416,0,0,0.00200638915,0.3189782465,0.6098545707,0.06916079367,0,0,0,0
0.417,0,0,0.001799004995,0.3130093056,0.6135008691,0.07169082027,0,0,0,0
0.418,0,0,0.001606427465,0.3070668367,0.6170449274,0.07428180846,0,0,0,0
0.419,0,0,0.001428108167,0.3011528428,0.6204845651,0.07693448396,0,0,0,0
0.42,0,0,0.001263498707,0.295269327,0.6238176018,0.07964957251,0,0,0,0
0.421,0,0,0.001112050692,0.2894182925,0.6270418569,0.08242779984,0,0,0,0
0.422,0,0,0.0009732157285,0.2836017425,0.6301551501,0.08526989168,0,0,0,0
0.423,0,0,0.0008464454228,0.2778216799,0.6331553009,0.08817657377,0,0,0,0
0.424,0,0,0.0007311913813,0.2720801081,0.6360401287,0.09114857184,0,0,0,0
0.425,0,0,0.0006269052105,0.26637903,0.6388074531,0.09418661163,0,0,0,0
0.426,0,0,0.000533038517,0.2607204489,0.6414550937,0.09729141886,0,0,0,0
0.427,0,0,0.000449042907,0.2551063678,0.64398087,0.1004637193,0,0,0,0
0.428,0,0,0.0003743699872,0.2495387899,0.6463826015,0.1037042386,0,0,0,0
0.429,0,0,0.000308471364,0.2440197184,0.6486581077,0.1070137026,0,0,0,0
0.43,0,0,0.0002507986438,0.2385511562,0.6508052082,0.1103928369,0,0,0,0
0.431,0,0,0.0002008034331,0.2331351067,0.6528217225,0.1138423674,0,0,0,0
0.432,0,0,0.0001579373384,0.2277735728,0.6547054701,0.1173630197,0,0,0,0
0.433,0,0,0.0001216519661,0.2224685578,0.6564542706,0.1209555196,0,0,0,0
0.434,0,0,9.139892266e-05,0.2172220647,0.6580659436,0.1246205928,0,0,0,0
0.435,0,0,6.662981462e-05,0.2120360968,0.6595383084,0.128358965,0,0,0,0
0.436,0,0,4.67962484e-05,0.206912657,0.6608691847,0.132171362,0,0,0,0
0.437,0,0,3.134983047e-05,0.2018537486,0.662056392,0.1360585096,0,0,0,0
0.438,0,0,1.97421673e-05,0.1968613746,0.6630977498,0.1400211333,0,0,0,0
0.439,0,0,1.142486533e-05,0.1919375383,0.6639910777,0.1440599591,0,0,0,0
0.44,0,0,5.84953105e-06,0.1870842427,0.6647341952,0.1481757126,0,0,0,0
0.441,0,0,2.467770912e-06,0.182303491,0.6653249218,0.1523691195,0,0,0,0
0.442,0,0,7.311913813e-07,0.1775972862,0.6657610771,0.1566409056,0,0,0,0
0.443,0,0,9.139892266e-08,0.1729676316,0.6660404805,0.1609917966,0,0,0,0
0.444,0,0,0,0.1684165302,0.6661609516,0.1654225182,0,0,0,0
0.445,0,0,0,0.1639455314,0.6661210331,0.1699333156,1.198755596e-07,0,0,0
0.446,0,0,0,0.1595543698,0.6659221595,0.1745225117,9.590044766e-07,0,0,0
0.447,0,0,0,0.155242326,0.6655664887,0.1791879486,3.236640109e-06,0,0,0
0.448,0,0,0,0.1510086809,0.6650561785,0.1839274686,7.672035813e-06,0,0,0
0.449,0,0,0,0.1468527151,0.6643933865,0.1887389139,1.498444495e-05,0,0,0
0.45,0,0,0,0.1427737095,0.6635802706,0.1936201268,2.589312087e-05,0,0,0
0.451,0,0,0,0.1387709447,0.6626189885,0.1985689495,4.111731694e-05,0,0,0
0.452,0,0,0,0.1348437015,0.6615116979,0.2035832243,6.13762865e-05,0,0,0
0.453,0,0,0,0.1309912606,0.6602605567,0.2086607934,8.738928293e-05,0,0,0
0.454,0,0,0,0.1272129028,0.6588677226,0.213799499,0.0001198755596,0,0,0
0.455,0,0,0,0.1235079089,0.6573353533,0.2189971834,0.0001595543698,0,0,0
0.456,0,0,0,0.1198755596,0.6556656066,0.2242516888,0.000207144967,0,0,0
0.457,0,0,0,0.1163151356,0.6538606403,0.2295608575,0.0002633666044,0,0,0
0.458,0,0,0,0.1128259177,0.6519226122,0.2349225316,0.0003289385355,0,0,0
0.459,0,0,0,0.1094071866,0.6498536799,0.2403345535,0.0004045800136,0,0,0
0.46,0,0,0,0.1060582231,0.6476560013,0.2457947654,0.000491010292,0,0,0
0.461,0,0,0,0.1027783079,0.645331734,0.2513010094,0.0005889486242,0,0,0
0.462,0,0,0,0.09956672178,0.642883036,0.256851128,0.0006991142635,0,0,0
0.463,0,0,0,0.09642274548,0.6403120649,0.2624429632,0.0008222264632,0,0,0
0.464,0,0,0,0.09334565974,0.6376209784,0.2680743574,0.0009590044766,0,0,0
0.465,0,0,0,0.09033474531,0.6348119344,0.2737431527,0.001110167557,0,0,0
0.466,0,0,0,0.08738928293,0.6318870906,0.2794471915,0.001276434958,0,0,0
0.467,0,0,0,0.08450855336,0.6288486048,0.2851843159,0.001458525933,0,0,0
0.468,0,0,0,0.08169183734,0.6256986348,0.2909523682,0.001657159736,0,0,0
0.469,0,0,0,0.07893841561,0.6224393382,0.2967491906,0.001873055618,0,0,0
0.47,0,0,0,0.07624756892,0.6190728728,0.3025726254,0.002106932835,0,0,0
0.471,0,0,0,0.07361857803,0.6156013965,0.3084205148,0.002359510639,0,0,0
0.472,0,0,0,0.07105072366,0.6120270669,0.3142907011,0.002631508284,0,0,0
0.473,0,0,0,0.06854328659,0.6083520419,0.3201810265,0.002923645023,0,0,0
0.474,0,0,0,0.06609554753,0.6045784792,0.3260893332,0.003236640109,0,0,0
0.475,0,0,0,0.06370678726,0.6007085365,0.3320134635,0.003571212795,0,0,0
0.476,0,0,0,0.0613762865,0.5967443716,0.3379512596,0.003928082336,0,0,0
0.477,0,0,0,0.05910332602,0.5926881423,0.3439005637,0.004307967985,0,0,0
0.478,0,0,0,0.05688718655,0.5885420063,0.3498592181,0.004711588994,0,0,0
0.479,0,0,0,0.05472714884,0.5843081214,0.3558250651,0.005139664617,0,0,0
0.48,0,0,0,0.05262249364,0.5799886454,0.3617959469,0.005592914108,0,0,0
0.481,0,0,0,0.0505725017,0.575585736,0.3677697056,0.006072056719,0,0,0
0.482,0,0,0,0.04857645375,0.5711015509,0.3737441836,0.006577811705,0,0,0
0.483,0,0,0,0.04663363056,0.566538248,0.3797172231,0.007110898319,0,0,0
0.484,0,0,0,0.04474331286,0.5618979849,0.3856866664,0.007672035813,0,0,0
0.485,0,0,0,0.0429047814,0.5571829196,0.3916503556,0.008261943442,0,0,0
0.486,0,0,0,0.04111731694,0.5523952096,0.397606133,0.008881340458,0,0,0
0.487,0,0,0,0.0393802002,0.5475370128,0.4035518409,0.009530946115,0,0,0
0.488,0,0,0,0.03769271195,0.5426104869,0.4094853215,0.01021147967,0,0,0
0.489,0,0,0,0.03605413293,0.5376177897,0.415404417,0.01092366037,0,0,0
0.49,0,0,0,0.03446374388,0.532561079,0.4213069697,0.01166820747,0,0,0
0.491,0,0,0,0.03292082555,0.5274425125,0.4271908218,0.01244584022,0,0,0
0.492,0,0,0,0.03142465869,0.5222642479,0.4330538155,0.01325727788,0,0,0
0.493,0,0,0,0.02997452405,0.5170284431,0.4388937931,0.01410323971,0,0,0
0.494,0,0,0,0.02856970236,0.5117372558,0.4447085969,0.01498444495,0,0,0
0.495,0,0,0,0.02720947439,0.5063928437,0.450496069,0.01590161285,0,0,0
0.496,0,0,0,0.02589312087,0.5009973647,0.4562540518,0.01685546268,0,0,0
0.497,0,0,0,0.02461992255,0.4955529764,0.4619803874,0.01784671368,0,0,0
0.498,0,0,0,0.02338916018,0.4900618366,0.4676729181,0.01887608511,0,0,0
0.499,0,0,0,0.02220011451,0.4845261031,0.4733294861,0.01994429622,0,0,0
0.5,0,0,0,0.02105206627,0.4789479337,0.4789479337,0.02105206627,0,0,0
0.501,0,0,0,0.01994429622,0.4733294861,0.4845261031,0.02220011451,0,0,0
0.502,0,0,0,0.01887608511,0.4676729181,0.4900618366,0.02338916018,0,0,0
0.503,0,0,0,0.01784671368,0.4619803874,0.4955529764,0.02461992255,0,0,0
0.504,0,0,0,0.01685546268,0.4562540518,0.5009973647,0.02589312087,0,0,0
0.505,0,0,0,0.01590161285,0.450496069,0.5063928437,0.02720947439,0,0,0
0.506,0,0,0,0.01498444495,0.4447085969,0.5117372558,0.02856970236,0,0,0
0.507,0,0,0,0.01410323971,0.4388937931,0.5170284431,0.02997452405,0,0,0
0.508,0,0,0,0.01325727788,0.4330538155,0.5222642479,0.03142465869,0,0,0
0.509,0,0,0,0.01244584022,0.4271908218,0.5274425125,0.03292082555,0,0,0
0.51,0,0,0,0.01166820747,0.4213069697,0.532561079,0.03446374388,0,0,0
0.511,0,0,0,0.01092366037,0.415404417,0.5376177897,0.03605413293,0,0,0
0.512,0,0,0,0.01021147967,0.4094853215,0.5426104869,0.03769271195,0,0,0
0.513,0,0,0,0.009530946115,0.4035518409,0.5475370128,0.0393802002,0,0,0
0.514,0,0,0,0.008881340458,0.397606133,0.5523952096,0.04111731694,0,0,0
0.515,0,0,0,0.008261943442,0.3916503556,0.5571829196,0.0429047814,0,0,0
0.516,0,0,0,0.007672035813,0.3856866664,0.5618979849,0.04474331286,0,0,0
0.517,0,0,0,0.007110898319,0.3797172231,0.566538248,0.04663363056,0,0,0
0.518,0,0,0,0.006577811705,0.3737441836,0.5711015509,0.04857645375,0,0,0
0.519,0,0,0,0.006072056719,0.3677697056,0.575585736,0.0505725017,0,0,0
0.52,0,0,0,0.005592914108,0.3617959469,0.5799886454,0.05262249364,0,0,0
0.521,0,0,0,0.005139664617,0.3558250651,0.5843081214,0.05472714884,0,0,0
0.522,0,0,0,0.004711588994,0.3498592181,0.5885420063,0.05688718655,0,0,0
0.523,0,0,0,0.004307967985,0.3439005637,0.5926881423,0.05910332602,0,0,0
0.524,0,0,0,0.003928082336,0.3379512596,0.5967443716,0.0613762865,0,0,0
0.525,0,0,0,0.003571212795,0.3320134635,0.6007085365,0.06370678726,0,0,0
0.526,0,0,0,0.003236640109,0.3260893332,0.6045784792,0.06609554753,0,0,0
0.527,0,0,0,0.002923645023,0.3201810265,0.6083520419,0.06854328659,0,0,0
0.528,0,0,0,0.002631508284,0.3142907011,0.6120270669,0.07105072366,0,0,0
0.529,0,0,0,0.002359510639,0.3084205148,0.6156013965,0.07361857803,0,0,0
0.53,0,0,0,0.002106932835,0.3025726254,0.6190728728,0.07624756892,0,0,0
0.531,0,0,0,0.001873055618,0.2967491906,0.6224393382,0.07893841561,0,0,0
0.532,0,0,0,0.001657159736,0.2909523682,0.6256986348,0.08169183734,0,0,0
0.533,0,0,0,0.001458525933,0.2851843159,0.6288486048,0.08450855336,0,0,0
0.534,0,0,0,0.001276434958,0.2794471915,0.6318870906,0.08738928293,0,0,0
0.535,0,0,0,0.001110167557,0.2737431527,0.6348119344,0.09033474531,0,0,0
0.536,0,0,0,0.0009590044766,0.2680743574,0.6376209784,0.09334565974,0,0,0
0.537,0,0,0,0.0008222264632,0.2624429632,0.6403120649,0.09642274548,0,0,0
0.538,0,0,0,0.0006991142635,0.256851128,0.642883036,0.09956672178,0,0,0
0.539,0,0,0,0.0005889486242,0.2513010094,0.645331734,0.1027783079,0,0,0
0.54,0,0,0,0.000491010292,0.2457947654,0.6476560013,0.1060582231,0,0,0
0.541,0,0,0,0.0004045800136,0.2403345535,0.6498536799,0.1094071866,0,0,0
0.542,0,0,0,0.0003289385355,0.2349225316,0.6519226122,0.1128259177,0,0,0
0.543,0,0,0,0.0002633666044,0.2295608575,0.6538606403,0.1163151356,0,0,0
0.544,0,0,0,0.000207144967,0.2242516888,0.6556656066,0.1198755596,0,0,0
0.545,0,0,0,0.0001595543698,0.2189971834,0.6573353533,0.1235079089,0,0,0
0.546,0,0,0,0.0001198755596,0.213799499,0.6588677226,0.1272129028,0,0,0
0.547,0,0,0,8.738928293e-05,0.2086607934,0.6602605567,0.1309912606,0,0,0
0.548,0,0,0,6.13762865e-05,0.2035832243,0.6615116979,0.1348437015,0,0,0
0.549,0,0,0,4.111731694e-05,0.1985689495,0.6626189885,0.1387709447,0,0,0
0.55,0,0,0,2.589312087e-05,0.1936201268,0.6635802706,0.1427737095,0,0,0
0.551,0,0,0,1.498444495e-05,0.1887389139,0.6643933865,0.1468527151,0,0,0
0.552,0,0,0,7.672035813e-06,0.1839274686,0.6650561785,0.1510086809,0,0,0
0.553,0,0,0,3.236640109e-06,0.1791879486,0.6655664887,0.155242326,0,0,0
0.554,0,0,0,9.590044766e-07,0.1745225117,0.6659221595,0.1595543698,0,0,0
0.555,0,0,0,1.198755596e-07,0.1699333156,0.6661210331,0.1639455314,0,0,0
0.556,0,0,0,0,0.1654225182,0.6661609516,0.1684165302,0,0,0
0.557,0,0,0,0,0.1609917966,0.6660404805,0.1729676316,9.139892266e-08,0,0
0.558,0,0,0,0,0.1566409056,0.6657610771,0.1775972862,7.311913813e-07,0,0
0.559,0,0,0,0,0.1523691195,0.6653249218,0.182303491,2.467770912e-06,0,0
0.56,0,0,0,0,0.1481757126,0.6647341952,0.1870842427,5.84953105e-06,0,0
0.561,0,0,0,0,0.1440599591,0.6639910777,0.1919375383,1.142486533e-05,0,0
0.562,0,0,0,0,0.1400211333,0.6630977498,0.1968613746,1.97421673e-05,0,0
0.563,0,0,0,0,0.1360585096,0.662056392,0.2018537486,3.134983047e-05,0,0
0.564,0,0,0,0,0.132171362,0.6608691847,0.206912657,4.67962484e-05,0,0
0.565,0,0,0,0,0.128358965,0.6595383084,0.2120360968,6.662981462e-05,0,0
0.566,0,0,0,0,0.1246205928,0.6580659436,0.2172220647,9.139892266e-05,0,0
0.567,0,0,0,0,0.1209555196,0.6564542706,0.2224685578,0.0001216519661,0,0
0.568,0,0,0,0,0.1173630197,0.6547054701,0.2277735728,0.0001579373384,0,0
0.569,0,0,0,0,0.1138423674,0.6528217225,0.2331351067,0.0002008034331,0,0
0.57,0,0,0,0,0.1103928369,0.6508052082,0.2385511562,0.0002507986438,0,0
0.571,0,0,0,0,0.1070137026,0.6486581077,0.2440197184,0.000308471364,0,0
0.572,0,0,0,0,0.1037042386,0.6463826015,0.2495387899,0.0003743699872,0,0
0.573,0,0,0,0,0.1004637193,0.64398087,0.2551063678,0.000449042907,0,0
0.574,0,0,0,0,0.09729141886,0.6414550937,0.2607204489,0.000533038517,0,0
0.575,0,0,0,0,0.09418661163,0.6388074531,0.26637903,0.0006269052105,0,0
0.576,0,0,0,0,0.09114857184,0.6360401287,0.2720801081,0.0007311913813,0,0
0.577,0,0,0,0,0.08817657377,0.6331553009,0.2778216799,0.0008464454228,0,0
0.578,0,0,0,0,0.08526989168,0.6301551501,0.2836017425,0.0009732157285,0,0
0.579,0,0,0,0,0.08242779984,0.6270418569,0.2894182925,0.001112050692,0,0
0.58,0,0,0,0,0.07964957251,0.6238176018,0.295269327,0.001263498707,0,0
0.581,0,0,0,0,0.07693448396,0.6204845651,0.3011528428,0.001428108167,0,0
0.582,0,0,0,0,0.07428180846,0.6170449274,0.3070668367,0.001606427465,0,0
0.583,0,0,0,0,0.07169082027,0.6135008691,0.3130093056,0.001799004995,0,0
0.584,0,0,0,0,0.06916079367,0.6098545707,0.3189782465,0.00200638915,0,0
0.585,0,0,0,0,0.06669100292,0.6061082127,0.3249716561,0.002229128325,0,0
0.586,0,0,0,0,0.06428072228,0.6022639755,0.3309875314,0.002467770912,0,0
0.587,0,0,0,0,0.06192922602,0.5983240396,0.3370238691,0.002722865305,0,0
0.588,0,0,0,0,0.05963578842,0.5942905854,0.3430786663,0.002994959898,0,0
0.589,0,0,0,0,0.05739968373,0.5901657935,0.3491499197,0.003284603084,0,0
0.59,0,0,0,0,0.05522018622,0.5859518443,0.3552356262,0.003592343256,0,0
0.591,0,0,0,0,0.05309657016,0.5816509183,0.3613337827,0.003918728809,0,0
0.592,0,0,0,0,0.05102810982,0.577265196,0.3674423861,0.004264308136,0,0
0.593,0,0,0,0,0.04901407946,0.5727968577,0.3735594332,0.00462962963,0,0
0.594,0,0,0,0,0.04705375336,0.568248084,0.3796829209,0.005015241684,0,0
0.595,0,0,0,0,0.04514640577,0.5636210554,0.3858108461,0.005421692693,0,0
0.596,0,0,0,0,0.04329131097,0.5589179523,0.3919412057,0.00584953105,0,0
0.597,0,0,0,0,0.04148774321,0.5541409551,0.3980719965,0.006299305149,0,0
0.598,0,0,0,0,0.03973497678,0.5492922445,0.4042012154,0.006771563382,0,0
0.599,0,0,0,0,0.03803228593,0.5443740007,0.4103268592,0.007266854144,0,0
0.6,0,0,0,0,0.03637894493,0.5393884043,0.4164469249,0.007785725828,0,0
0.601,0,0,0,0,0.03477422806,0.5343376358,0.4225594093,0.008328726828,0,0
0.602,0,0,0,0,0.03321740956,0.5292238757,0.4286623092,0.008896405536,0,0
0.603,0,0,0,0,0.03170776372,0.5240493043,0.4347536217,0.009489310348,0,0
0.604,0,0,0,0,0.0302445648,0.5188161022,0.4408313434,0.01010798966,0,0
0.605,0,0,0,0,0.02882708707,0.5135264498,0.4468934713,0.01075299185,0,0
0.606,0,0,0,0,0.02745460479,0.5081825276,0.4529380023,0.01142486533,0,0
0.607,0,0,0,0,0.02612639223,0.5027865161,0.4589629332,0.01212415849,0,0
0.608,0,0,0,0,0.02484172365,0.4973405957,0.464966261,0.01285141972,0,0
0.609,0,0,0,0,0.02359987334,0.4918469469,0.4709459824,0.01360719741,0,0
0.61,0,0,0,0,0.02240011554,0.4863077502,0.4769000943,0.01439203996,0,0
0.611,0,0,0,0,0.02124172453,0.480725186,0.4828265937,0.01520649576,0,0
0.612,0,0,0,0,0.02012397457,0.4751014349,0.4887234773,0.0160511132,0,0
0.613,0,0,0,0,0.01904613993,0.4694386772,0.4945887422,0.01692644068,0,0
0.614,0,0,0,0,0.01800749489,0.4637390935,0.500420385,0.0178330266,0,0
0.615,0,0,0,0,0.0170073137,0.4580048642,0.5062164028,0.01877141934,0,0
0.616,0,0,0,0,0.01604487063,0.4522381698,0.5119747923,0.0197421673,0,0
0.617,0,0,0,0,0.01511943995,0.4464411907,0.5176935505,0.02074581886,0,0
0.618,0,0,0,0,0.01423029592,0.4406161074,0.5233706742,0.02178292244,0,0
0.619,0,0,0,0,0.01337671282,0.4347651005,0.5290041603,0.02285402642,0,0
0.62,0,0,0,0,0.01255796491,0.4288903503,0.5345920056,0.02395967918,0,0
0.621,0,0,0,0,0.01177332645,0.4229940373,0.5401322071,0.02510042914,0,0
0.622,0,0,0,0,0.01102207172,0.417078342,0.5456227616,0.02627682467,0,0
0.623,0,0,0,0,0.01030347498,0.4111454449,0.5510616659,0.02748941418,0,0
0.624,0,0,0,0,0.009616810495,0.4051975265,0.556446917,0.02873874605,0,0
0.625,0,0,0,0,0.008961352534,0.3992367671,0.5617765117,0.03002536868,0,0
0.626,0,0,0,0,0.008336375365,0.3932653473,0.5670484469,0.03134983047,0,0
0.627,0,0,0,0,0.007741153253,0.3872854475,0.5722607194,0.03271267981,0,0
0.628,0,0,0,0,0.007174960466,0.3812992482,0.5774113262,0.03411446509,0,0
0.629,0,0,0,0,0.00663707127,0.3753089299,0.5824982641,0.0355557347,0,0
0.63,0,0,0,0,0.006126759933,0.3693166731,0.5875195299,0.03703703704,0,0
0.631,0,0,0,0,0.005643300721,0.3633246581,0.5924731206,0.0385589205,0,0
0.632,0,0,0,0,0.005185967902,0.3573350656,0.597357033,0.04012193347,0,0
0.633,0,0,0,0,0.004754035741,0.3513500759,0.602169264,0.04172662436,0,0
0.634,0,0,0,0,0.004346778507,0.3453718695,0.6069078105,0.04337354155,0,0
0.635,0,0,0,0,0.003963470465,0.3394026269,0.6115706692,0.04506323343,0,0
0.636,0,0,0,0,0.003603385884,0.3334445285,0.6161558372,0.0467962484,0,0
0.637,0,0,0,0,0.003265799029,0.3274997549,0.6206613112,0.04857313486,0,0
0.638,0,0,0,0,0.002949984167,0.3215704864,0.6250850882,0.05039444119,0,0
0.639,0,0,0,0,0.002655215566,0.3156589036,0.629425165,0.05226071579,0,0
0.64,0,0,0,0,0.002380767492,0.309767187,0.6336795385,0.05417250706,0,0
0.641,0,0,0,0,0.002125914212,0.3038975169,0.6378462055,0.05613036338,0,0
0.642,0,0,0,0,0.001889929993,0.2980520739,0.6419231629,0.05813483315,0,0
0.643,0,0,0,0,0.001672089103,0.2922330384,0.6459084077,0.06018646477,0,0
0.644,0,0,0,0,0.001471665807,0.286442591,0.6497999366,0.06228580662,0,0
0.645,0,0,0,0,0.001287934372,0.280682912,0.6535957466,0.06443340711,0,0
0.646,0,0,0,0,0.001120169067,0.2749561819,0.6572938344,0.06662981462,0,0
0.647,0,0,0,0,0.0009676441566,0.2692645812,0.660892197,0.06887557755,0,0
0.648,0,0,0,0,0.0008296339088,0.2636102905,0.6643888313,0.07117124429,0,0
0.649,0,0,0,0,0.0007054125902,0.25799549,0.6677817342,0.07351736324,0,0
0.65,0,0,0,0,0.0005942544677,0.2524223604,0.6710689024,0.07591448278,0,0
0.651,0,0,0,0,0.0004954338082,0.246893082,0.6742483328,0.07836315132,0,0
0.652,0,0,0,0,0.0004082248786,0.2414098354,0.6773180224,0.08086391724,0,0
0.653,0,0,0,0,0.0003319019457,0.2359748011,0.6802759681,0.08341732894,0,0
0.654,0,0,0,0,0.0002657392765,0.2305901593,0.6831201666,0.08602393482,0,0
0.655,0,0,0,0,0.0002090111378,0.2252580908,0.6858486148,0.08868428326,0,0
0.656,0,0,0,0,0.0001609917966,0.2199807759,0.6884593097,0.09139892266,0,0
0.657,0,0,0,0,0.0001209555196,0.214760395,0.690950248,0.09416840142,0,0
0.658,0,0,0,0,8.817657377e-05,0.2095991288,0.6933194267,0.09699326792,0,0
0.659,0,0,0,0,6.192922602e-05,0.2044991575,0.6955648427,0.09987407056,0,0
0.66,0,0,0,0,4.148774321e-05,0.1994626618,0.6976844928,0.1028113577,0,0
0.661,0,0,0,0,2.612639223e-05,0.194491822,0.6996763738,0.1058056778,0,0
0.662,0,0,0,0,1.511943995e-05,0.1895888186,0.7015384827,0.1088575793,0,0
0.663,0,0,0,0,7.741153253e-06,0.1847558321,0.7032688163,0.1119676104,0,0
0.664,0,0,0,0,3.265799029e-06,0.179995043,0.7048653715,0.1151363197,0,0
0.665,0,0,0,0,9.676441566e-07,0.1753086318,0.7063261451,0.1183642554,0,0
0.666,0,0,0,0,1.209555196e-07,0.1706987788,0.7076491341,0.1216519661,0,0
0.667,0,0,0,0,0,0.1661676647,0.7088323353,0.125,0,0
0.668,0,0,0,0,0,0.1617169848,0.7098743533,0.1284085806,8.124348681e-08,0
0.669,0,0,0,0,0,0.1573464952,0.7107762233,0.1318766315,6.499478945e-07,0
0.67,0,0,0,0,0,0.1530554669,0.7115395884,0.1354027512,2.193574144e-06,0
0.671,0,0,0,0,0,0.1488431707,0.7121660915,0.1389855382,5.199583156e-06,0
0.672,0,0,0,0,0,0.1447088778,0.7126573757,0.142623591,1.015543585e-05,0
0.673,0,0,0,0,0,0.1406518592,0.7130150839,0.1463155083,1.754859315e-05,0
0.674,0,0,0,0,0,0.1366713857,0.7132408591,0.1500598886,2.786651598e-05,0
0.675,0,0,0,0,0,0.1327667285,0.7133363443,0.1538553305,4.159666525e-05,0
0.676,0,0,0,0,0,0.1289371586,0.7133031826,0.1577004324,5.922650189e-05,0
0.677,0,0,0,0,0,0.1251819468,0.7131430168,0.1615937929,8.124348681e-05,0
0.678,0,0,0,0,0,0.1215003643,0.7128574901,0.1655340106,0.0001081350809,0
0.679,0,0,0,0,0,0.1178916819,0.7124482453,0.169519684,0.0001403887452,0
0.68,0,0,0,0,0,0.1143551708,0.7119169255,0.1735494118,0.0001784919405,0
0.681,0,0,0,0,0,0.1108901019,0.7112651736,0.1776217923,0.0002229321278,0
0.682,0,0,0,0,0,0.1074957463,0.7104946327,0.1817354242,0.000274196768,0
0.683,0,0,0,0,0,0.1041713748,0.7096069458,0.1858889061,0.000332773322,0
0.684,0,0,0,0,0,0.1009162585,0.7086037557,0.1900808365,0.0003991492507,0
0.685,0,0,0,0,0,0.09772966849,0.7074867057,0.1943098138,0.0004738120151,0
0.686,0,0,0,0,0,0.09461087564,0.7062574385,0.1985744368,0.000557249076,0
0.687,0,0,0,0,0,0.09155915099,0.7049175972,0.2028733039,0.0006499478945,0
0.688,0,0,0,0,0,0.08857376554,0.7034688249,0.2072050136,0.0007523959314,0
0.689,0,0,0,0,0,0.08565399029,0.7019127644,0.2115681646,0.0008650806476,0
0.69,0,0,0,0,0,0.08279909623,0.7002510589,0.2159613554,0.000988489504,0
0.691,0,0,0,0,0,0.08000835437,0.6984853512,0.2203831845,0.001123109962,0
0.692,0,0,0,0,0,0.07728103569,0.6966172844,0.2248322505,0.001269429481,0
0.693,0,0,0,0,0,0.0746164112,0.6946485014,0.2293071519,0.001427935524,0
0.694,0,0,0,0,0,0.0720137519,0.6925806453,0.2338064873,0.001599115551,0
0.695,0,0,0,0,0,0.06947232878,0.690415359,0.2383288552,0.001783457022,0
0.696,0,0,0,0,0,0.06699141284,0.6881542856,0.2428728542,0.0019814474,0
0.697,0,0,0,0,0,0.06457027508,0.685799068,0.2474370828,0.002193574144,0
0.698,0,0,0,0,0,0.0622081865,0.6833513492,0.2520201396,0.002420324716,0
0.699,0,0,0,0,0,0.05990441809,0.6808127722,0.2566206231,0.002662186576,0
0.7,0,0,0,0,0,0.05765824086,0.67818498,0.2612371319,0.002919647186,0
0.701,0,0,0,0,0,0.0554689258,0.6754696156,0.2658682646,0.003193194006,0
0.702,0,0,0,0,0,0.0533357439,0.672668322,0.2705126196,0.003483314497,0
0.703,0,0,0,0,0,0.05125796617,0.6697827422,0.2751687955,0.003790496121,0
0.704,0,0,0,0,0,0.04923486361,0.6668145191,0.2798353909,0.004115226337,0
0.705,0,0,0,0,0,0.0472657072,0.6637652958,0.2845110044,0.004457992608,0
0.706,0,0,0,0,0,0.04534976796,0.6606367152,0.2891942344,0.004819282394,0
0.707,0,0,0,0,0,0.04348631687,0.6574304204,0.2938836796,0.005199583156,0
0.708,0,0,0,0,0,0.04167462494,0.6541480543,0.2985779384,0.005599382355,0
0.709,0,0,0,0,0,0.03991396316,0.65079126,0.3032756094,0.006019167451,0
0.71,0,0,0,0,0,0.03820360253,0.6473616803,0.3079752913,0.006459425906,0
0.711,0,0,0,0,0,0.03654281406,0.6438609584,0.3126755824,0.006920645181,0
0.712,0,0,0,0,0,0.03493086872,0.6402907371,0.3173750814,0.007403312736,0
0.713,0,0,0,0,0,0.03336703753,0.6366526595,0.3220723869,0.007907916032,0
0.714,0,0,0,0,0,0.03185059149,0.6329483687,0.3267660973,0.008434942531,0
0.715,0,0,0,0,0,0.03038080158,0.6291795074,0.3314548113,0.008984879693,0
0.716,0,0,0,0,0,0.02895693881,0.6253477189,0.3361371273,0.00955821498,0
0.717,0,0,0,0,0,0.02757827418,0.621454646,0.340811644,0.01015543585,0
0.718,0,0,0,0,0,0.02624407868,0.6175019318,0.3454769598,0.01077702977,0
0.719,0,0,0,0,0,0.02495362331,0.6134912191,0.3501316734,0.01142348419,0
0.72,0,0,0,0,0,0.02370617907,0.6094241512,0.3547743832,0.01209528659,0
0.721,0,0,0,0,0,0.02250101696,0.6053023708,0.3594036878,0.01279292441,0
0.722,0,0,0,0,0,0.02133740797,0.601127521,0.3640181859,0.01351688512,0
0.723,0,0,0,0,0,0.0202146231,0.5969012449,0.3686164758,0.01426765618,0
0.724,0,0,0,0,0,0.01913193336,0.5926251853,0.3731971563,0.01504572505,0
0.725,0,0,0,0,0,0.01808860973,0.5883009854,0.3777588257,0.0158515792,0
0.726,0,0,0,0,0,0.01708392322,0.583930288,0.3823000827,0.01668570608,0
0.727,0,0,0,0,0,0.01611714482,0.5795147361,0.3868195259,0.01754859315,0
0.728,0,0,0,0,0,0.01518754553,0.5750559729,0.3913157537,0.01844072788,0
0.729,0,0,0,0,0,0.01429439635,0.5705556412,0.3957873648,0.01936259772,0
0.73,0,0,0,0,0,0.01343696828,0.566015384,0.4002329576,0.02031469015,0
0.731,0,0,0,0,0,0.01261453232,0.5614368444,0.4046511307,0.02129749261,0
0.732,0,0,0,0,0,0.01182635946,0.5568216652,0.4090404827,0.02231149257,0
0.733,0,0,0,0,0,0.01107172069,0.5521714896,0.4133996122,0.02335717748,0
0.734,0,0,0,0,0,0.01034988703,0.5474879606,0.4177271176,0.02443503482,0
0.735,0,0,0,0,0,0.009660129461,0.542772721,0.4220215975,0.02554555205,0
0.736,0,0,0,0,0,0.009001718987,0.5380274139,0.4262816505,0.02668921661,0
0.737,0,0,0,0,0,0.008373926605,0.5332536823,0.4305058752,0.02786651598,0
0.738,0,0,0,0,0,0.007776023313,0.5284531691,0.43469287,0.02907793761,0
0.739,0,0,0,0,0,0.007207280107,0.5236275174,0.4388412335,0.03032396897,0
0.74,0,0,0,0,0,0.006666967988,0.5187783702,0.4429495643,0.03160509751,0
0.741,0,0,0,0,0,0.006154357951,0.5139073704,0.4470164609,0.0329218107,0
0.742,0,0,0,0,0,0.005668720995,0.5090161611,0.4510405219,0.034274596,0
0.743,0,0,0,0,0,0.005209328118,0.5041063852,0.4550203458,0.03566394087,0
0.744,0,0,0,0,0,0.004775450317,0.4991796857,0.4589545312,0.03709033276,0
0.745,0,0,0,0,0,0.00436635859,0.4942377057,0.4628416766,0.03855425915,0
0.746,0,0,0,0,0,0.003981323936,0.489282088,0.4666803806,0.04005620749,0
0.747,0,0,0,0,0,0.003619617352,0.4843144757,0.4704692417,0.04159666525,0
0.748,0,0,0,0,0,0.003280509835,0.4793365119,0.4742068584,0.04317611987,0
0.749,0,0,0,0,0,0.002963272384,0.4743498394,0.4778918294,0.04479505884,0
0.75,0,0,0,0,0,0.002667175996,0.4693561012,0.4815227532,0.04645396959,0
0.751,0,0,0,0,0,0.00239149167,0.4643569405,0.4850982283,0.04815333961,0
0.752,0,0,0,0,0,0.002135490402,0.4593540001,0.4886168532,0.04989365634,0
0.753,0,0,0,0,0,0.001898443192,0.454348923,0.4920772266,0.05167540725,0
0.754,0,0,0,0,0,0.001679621036,0.4493433523,0.4954779469,0.0534990798,0
0.755,0,0,0,0,0,0.001478294932,0.4443389309,0.4988176128,0.05536516144,0
0.756,0,0,0,0,0,0.001293735879,0.4393373018,0.5020948227,0.05727413965,0
0.757,0,0,0,0,0,0.001125214873,0.434340108,0.5053081752,0.05922650189,0
0.758,0,0,0,0,0,0.0009720029141,0.4293489925,0.5084562689,0.0612227356,0
0.759,0,0,0,0,0,0.0008333709984,0.4243655984,0.5115377024,0.06326332826,0
0.76,0,0,0,0,0,0.0007085901244,0.4193915685,0.5145510741,0.06534876732,0
0.761,0,0,0,0,0,0.0005969312896,0.4144285459,0.5174949826,0.06747954025,0
0.762,0,0,0,0,0,0.000497665492,0.4094781735,0.5203680265,0.0696561345,0
0.763,0,0,0,0,0,0.0004100637294,0.4045420944,0.5231688043,0.07187903755,0
0.764,0,0,0,0,0,0.0003333969995,0.3996219516,0.5258959146,0.07414873684,0
0.765,0,0,0,0,0,0.0002669363003,0.394719388,0.5285479559,0.07646571984,0
0.766,0,0,0,0,0,0.0002099526294,0.3898360466,0.5311235267,0.07883047401,0
0.767,0,0,0,0,0,0.0001617169848,0.3849735705,0.5336212257,0.08124348681,0
0.768,0,0,0,0,0,0.0001215003643,0.3801336026,0.5360396514,0.08370524571,0
0.769,0,0,0,0,0,8.857376554e-05,0.3753177858,0.5383774022,0.08621623815,0
0.77,0,0,0,0,0,6.22081865e-05,0.3705277633,0.5406330769,0.08877695161,0
0.771,0,0,0,0,0,4.167462494e-05,0.365765178,0.5428052738,0.09138787355,0
0.772,0,0,0,0,0,2.624407868e-05,0.3610316729,0.5448925916,0.09404949142,0
0.773,0,0,0,0,0,1.518754553e-05,0.3563288909,0.5468936289,0.09676229269,0
0.774,0,0,0,0,0,7.776023313e-06,0.3516584751,0.5488069841,0.09952676481,0
0.775,0,0,0,0,0,3.280509835e-06,0.3470220684,0.5506312558,0.1023433953,0
0.776,0,0,0,0,0,9.720029141e-07,0.3424213139,0.5523650426,0.1052126715,0
0.777,0,0,0,0,0,1.215003643e-07,0.3378578546,0.554006943,0.1081350809,0
0.778,0,0,0,0,0,0,0.3333333333,0.5555555556,0.1111111111,0
0.779,0,0,0,0,0,0,0.3288490889,0.5570098444,0.1141409752,9.139892266e-08
0.78,0,0,0,0,0,0,0.3244052428,0.5583702362,0.1172237898,7.311913813e-07
0.781,0,0,0,0,0,0,0.3200016123,0.5596375228,0.1203583971,2.467770912e-06
0.782,0,0,0,0,0,0,0.3156380144,0.5608124966,0.1235436394,5.84953105e-06
0.783,0,0,0,0,0,0,0.3113142665,0.5618959496,0.126778359,1.142486533e-05
0.784,0,0,0,0,0,0,0.3070301858,0.5628886739,0.1300613981,1.97421673e-05
0.785,0,0,0,0,0,0,0.3027855893,0.5637914617,0.1333915991,3.134983047e-05
0.786,0,0,0,0,0,0,0.2985802944,0.5646051051,0.1367678042,4.67962484e-05
0.787,0,0,0,0,0,0,0.2944141183,0.5653303961,0.1401888558,6.662981462e-05
0.788,0,0,0,0,0,0,0.2902868781,0.565968127,0.143653596,9.139892266e-05
0.789,0,0,0,0,0,0,0.286198391,0.5665190899,0.1471608671,0.0001216519661
0.79,0,0,0,0,0,0,0.2821484743,0.5669840768,0.1507095116,0.0001579373384
0.791,0,0,0,0,0,0,0.2781369451,0.56736388,0.1542983715,0.0002008034331
0.792,0,0,0,0,0,0,0.2741636206,0.5676592915,0.1579262892,0.0002507986438
0.793,0,0,0,0,0,0,0.2702283182,0.5678711034,0.1615921071,0.000308471364
0.794,0,0,0,0,0,0,0.2663308548,0.5680001079,0.1652946673,0.0003743699872
0.795,0,0,0,0,0,0,0.2624710479,0.5680470971,0.1690328121,0.000449042907
0.796,0,0,0,0,0,0,0.2586487145,0.5680128631,0.1728053839,0.000533038517
0.797,0,0,0,0,0,0,0.2548636718,0.5678981981,0.1766112249,0.0006269052105
0.798,0,0,0,0,0,0,0.2511157371,0.5677038941,0.1804491774,0.0007311913813
0.799,0,0,0,0,0,0,0.2474047276,0.5674307434,0.1843180836,0.0008464454228
0.8,0,0,0,0,0,0,0.2437304604,0.5670795379,0.1882167859,0.0009732157285
0.801,0,0,0,0,0,0,0.2400927528,0.5666510699,0.1921441265,0.001112050692
0.802,0,0,0,0,0,0,0.236491422,0.5661461315,0.1960989477,0.001263498707
0.803,0,0,0,0,0,0,0.2329262852,0.5655655148,0.2000800919,0.001428108167
0.804,0,0,0,0,0,0,0.2293971595,0.5649100119,0.2040864011,0.001606427465
0.805,0,0,0,0,0,0,0.2259038622,0.5641804149,0.2081167179,0.001799004995
0.806,0,0,0,0,0,0,0.2224462105,0.563377516,0.2121698844,0.00200638915
0.807,0,0,0,0,0,0,0.2190240216,0.5625021073,0.2162447428,0.002229128325
0.808,0,0,0,0,0,0,0.2156371126,0.5615549808,0.2203401356,0.002467770912
0.809,0,0,0,0,0,0,0.2122853009,0.5605369289,0.2244549049,0.002722865305
0.81,0,0,0,0,0,0,0.2089684035,0.5594487434,0.2285878931,0.002994959898
0.811,0,0,0,0,0,0,0.2056862377,0.5582912167,0.2327379425,0.003284603084
0.812,0,0,0,0,0,0,0.2024386207,0.5570651408,0.2369038952,0.003592343256
0.813,0,0,0,0,0,0,0.1992253698,0.5557713078,0.2410845936,0.003918728809
0.814,0,0,0,0,0,0,0.196046302,0.5544105099,0.24527888,0.004264308136
0.815,0,0,0,0,0,0,0.1929012346,0.5529835391,0.2494855967,0.00462962963
0.816,0,0,0,0,0,0,0.1897899848,0.5514911876,0.2537035859,0.005015241684
0.817,0,0,0,0,0,0,0.1867123698,0.5499342476,0.2579316899,0.005421692693
0.818,0,0,0,0,0,0,0.1836682068,0.5483135111,0.262168751,0.00584953105
0.819,0,0,0,0,0,0,0.180657313,0.5466297703,0.2664136115,0.006299305149
0.82,0,0,0,0,0,0,0.1776795057,0.5448838173,0.2706651136,0.006771563382
0.821,0,0,0,0,0,0,0.1747346019,0.5430764443,0.2749220997,0.007266854144
0.822,0,0,0,0,0,0,0.171822419,0.5412084432,0.279183412,0.007785725828
0.823,0,0,0,0,0,0,0.168942774,0.5392806064,0.2834478927,0.008328726828
0.824,0,0,0,0,0,0,0.1660954843,0.5372937258,0.2877143843,0.008896405536
0.825,0,0,0,0,0,0,0.163280367,0.5352485937,0.2919817289,0.009489310348
0.826,0,0,0,0,0,0,0.1604972394,0.5331460021,0.2962487689,0.01010798966
0.827,0,0,0,0,0,0,0.1577459186,0.5309867432,0.3005143464,0.01075299185
0.828,0,0,0,0,0,0,0.1550262217,0.528771609,0.3047773039,0.01142486533
0.829,0,0,0,0,0,0,0.1523379662,0.5265013918,0.3090364835,0.01212415849
0.83,0,0,0,0,0,0,0.149680969,0.5241768836,0.3132907276,0.01285141972
0.831,0,0,0,0,0,0,0.1470550475,0.5217988766,0.3175388785,0.01360719741
0.832,0,0,0,0,0,0,0.1444600188,0.5193681629,0.3217797783,0.01439203996
0.833,0,0,0,0,0,0,0.1418957002,0.5168855346,0.3260122695,0.01520649576
0.834,0,0,0,0,0,0,0.1393619088,0.5143517838,0.3302351942,0.0160511132
0.835,0,0,0,0,0,0,0.1368584618,0.5117677027,0.3344473948,0.01692644068
0.836,0,0,0,0,0,0,0.1343851765,0.5091340834,0.3386477135,0.0178330266
0.837,0,0,0,0,0,0,0.13194187,0.5064517179,0.3428349927,0.01877141934
0.838,0,0,0,0,0,0,0.1295283596,0.5037213985,0.3470080745,0.0197421673
0.839,0,0,0,0,0,0,0.1271444625,0.5009439173,0.3511658014,0.02074581886
0.84,0,0,0,0,0,0,0.1247899957,0.4981200663,0.3553070155,0.02178292244
0.841,0,0,0,0,0,0,0.1224647767,0.4952506378,0.3594305591,0.02285402642
0.842,0,0,0,0,0,0,0.1201686225,0.4923364238,0.3635352746,0.02395967918
0.843,0,0,0,0,0,0,0.1179013503,0.4893782164,0.3676200041,0.02510042914
0.844,0,0,0,0,0,0,0.1156627775,0.4863768078,0.3716835901,0.02627682467
0.845,0,0,0,0,0,0,0.113452721,0.4833329901,0.3757248747,0.02748941418
0.846,0,0,0,0,0,0,0.1112709983,0.4802475554,0.3797427003,0.02873874605
0.847,0,0,0,0,0,0,0.1091174264,0.4771212959,0.383735909,0.03002536868
0.848,0,0,0,0,0,0,0.1069918226,0.4739550036,0.3877033433,0.03134983047
0.849,0,0,0,0,0,0,0.1048940041,0.4707494708,0.3916438454,0.03271267981
0.85,0,0,0,0,0,0,0.102823788,0.4675054894,0.3955562575,0.03411446509
0.851,0,0,0,0,0,0,0.1007809916,0.4642238517,0.399439422,0.0355557347
0.852,0,0,0,0,0,0,0.0987654321,0.4609053498,0.4032921811,0.03703703704
0.853,0,0,0,0,0,0,0.09677692667,0.4575507758,0.4071133771,0.0385589205
0.854,0,0,0,0,0,0,0.09481529253,0.4541609217,0.4109018523,0.04012193347
0.855,0,0,0,0,0,0,0.09288034687,0.4507365799,0.4146564489,0.04172662436
0.856,0,0,0,0,0,0,0.0909719069,0.4472785422,0.4183760093,0.04337354155
0.857,0,0,0,0,0,0,0.08908978981,0.443787601,0.4220593757,0.04506323343
0.858,0,0,0,0,0,0,0.08723381282,0.4402645483,0.4257053905,0.0467962484
0.859,0,0,0,0,0,0,0.08540379313,0.4367101762,0.4293128958,0.04857313486
0.86,0,0,0,0,0,0,0.08359954793,0.4331252769,0.432880734,0.05039444119
0.861,0,0,0,0,0,0,0.08182089443,0.4295106424,0.4364077473,0.05226071579
0.862,0,0,0,0,0,0,0.08006764983,0.425867065,0.4398927781,0.05417250706
0.863,0,0,0,0,0,0,0.07833963133,0.4221953367,0.4433346686,0.05613036338
0.864,0,0,0,0,0,0,0.07663665614,0.4184962497,0.446732261,0.05813483315
0.865,0,0,0,0,0,0,0.07495854145,0.414770596,0.4500843978,0.06018646477
0.866,0,0,0,0,0,0,0.07330510447,0.4110191679,0.453389921,0.06228580662
0.867,0,0,0,0,0,0,0.07167616241,0.4072427573,0.4566476732,0.06443340711
0.868,0,0,0,0,0,0,0.07007153245,0.4034421565,0.4598564964,0.06662981462
0.869,0,0,0,0,0,0,0.06849103182,0.3996181576,0.463015233,0.06887557755
0.87,0,0,0,0,0,0,0.0669344777,0.3957715527,0.4661227253,0.07117124429
0.871,0,0,0,0,0,0,0.0654016873,0.391903134,0.4691778155,0.07351736324
0.872,0,0,0,0,0,0,0.06389247782,0.3880136934,0.472179346,0.07591448278
0.873,0,0,0,0,0,0,0.06240666647,0.3841040233,0.4751261589,0.07836315132
0.874,0,0,0,0,0,0,0.06094407044,0.3801749156,0.4780170967,0.08086391724
0.875,0,0,0,0,0,0,0.05950450694,0.3762271626,0.4808510016,0.08341732894
0.876,0,0,0,0,0,0,0.05808779317,0.3722615563,0.4836267158,0.08602393482
0.877,0,0,0,0,0,0,0.05669374634,0.3682788888,0.4863430816,0.08868428326
0.878,0,0,0,0,0,0,0.05532218364,0.3642799524,0.4889989413,0.09139892266
0.879,0,0,0,0,0,0,0.05397292228,0.3602655391,0.4915931372,0.09416840142
0.88,0,0,0,0,0,0,0.05264577945,0.356236441,0.4941245117,0.09699326792
0.881,0,0,0,0,0,0,0.05134057237,0.3521934502,0.4965919068,0.09987407056
0.882,0,0,0,0,0,0,0.05005711823,0.348137359,0.498994165,0.1028113577
0.883,0,0,0,0,0,0,0.04879523424,0.3440689594,0.5013301285,0.1058056778
0.884,0,0,0,0,0,0,0.0475547376,0.3399890435,0.5035986396,0.1088575793
0.885,0,0,0,0,0,0,0.0463354455,0.3358984035,0.5057985406,0.1119676104
0.886,0,0,0,0,0,0,0.04513717516,0.3317978314,0.5079286737,0.1151363197
0.887,0,0,0,0,0,0,0.04395974377,0.3276881195,0.5099878813,0.1183642554
0.888,0,0,0,0,0,0,0.04280296854,0.3235700598,0.5119750056,0.1216519661
0.889,0,0,0,0,0,0,0.04166666667,0.3194444444,0.5138888889,0.125
0.89,0,0,0,0,0,0,0.04055065535,0.3153120656,0.5157283735,0.1284089056
0.891,0,0,0,0,0,0,0.03945475181,0.3111737153,0.5174923016,0.1318792313
0.892,0,0,0,0,0,0,0.03837877322,0.3070301858,0.5191795155,0.1354115255
0.893,0,0,0,0,0,0,0.03732253681,0.3028822691,0.5207888576,0.1390063365
0.894,0,0,0,0,0,0,0.03628585976,0.2987307574,0.5223191701,0.1426642128
0.895,0,0,0,0,0,0,0.03526855928,0.2945764428,0.5237692952,0.1463857027
0.896,0,0,0,0,0,0,0.03427045258,0.2904201174,0.5251380753,0.1501713547
0.897,0,0,0,0,0,0,0.03329135685,0.2862625733,0.5264243527,0.1540217171
0.898,0,0,0,0,0,0,0.03233108931,0.2821046028,0.5276269696,0.1579373384
0.899,0,0,0,0,0,0,0.03138946714,0.2779469978,0.5287447682,0.1619187668
0.9,0,0,0,0,0,0,0.03046630755,0.2737905506,0.529776591,0.1659665509
0.901,0,0,0,0,0,0,0.02956142775,0.2696360531,0.5307212801,0.170081239
0.902,0,0,0,0,0,0,0.02867464494,0.2654842977,0.5315776778,0.1742633795
0.903,0,0,0,0,0,0,0.02780577631,0.2613360764,0.5323446265,0.1785135208
0.904,0,0,0,0,0,0,0.02695463908,0.2571921812,0.5330209684,0.1828322113
0.905,0,0,0,0,0,0,0.02612105044,0.2530534044,0.5336055457,0.1872199994
0.906,0,0,0,0,0,0,0.02530482759,0.2489205381,0.5340972008,0.1916774335
0.907,0,0,0,0,0,0,0.02450578775,0.2447943744,0.534494776,0.1962050619
0.908,0,0,0,0,0,0,0.0237237481,0.2406757053,0.5347971135,0.2008034331
0.909,0,0,0,0,0,0,0.02295852585,0.2365653231,0.5350030556,0.2054730954
0.91,0,0,0,0,0,0,0.02220993821,0.2324640199,0.5351114445,0.2102145974
0.911,0,0,0,0,0,0,0.02147780237,0.2283725877,0.5351211227,0.2150284872
0.912,0,0,0,0,0,0,0.02076193554,0.2242918188,0.5350309322,0.2199153134
0.913,0,0,0,0,0,0,0.02006215492,0.2202225052,0.5348397155,0.2248756243
0.914,0,0,0,0,0,0,0.01937827772,0.216165439,0.5345463148,0.2299099684
0.915,0,0,0,0,0,0,0.01871012113,0.2121214125,0.5341495724,0.235018894
0.916,0,0,0,0,0,0,0.01805750235,0.2080912176,0.5336483306,0.2402029495
0.917,0,0,0,0,0,0,0.0174202386,0.2040756465,0.5330414316,0.2454626833
0.918,0,0,0,0,0,0,0.01679814706,0.2000754914,0.5323277177,0.2507986438
0.919,0,0,0,0,0,0,0.01619104495,0.1960915444,0.5315060312,0.2562113794
0.92,0,0,0,0,0,0,0.01559874947,0.1921245976,0.5305752144,0.2617014385
0.921,0,0,0,0,0,0,0.01502107781,0.1881754431,0.5295341096,0.2672693694
0.922,0,0,0,0,0,0,0.01445784718,0.1842448731,0.5283815591,0.2729157207
0.923,0,0,0,0,0,0,0.01390887479,0.1803336796,0.527116405,0.2786410406
0.924,0,0,0,0,0,0,0.01337397782,0.1764426548,0.5257374898,0.2844458776
0.925,0,0,0,0,0,0,0.0128529735,0.1725725909,0.5242436556,0.29033078
0.926,0,0,0,0,0,0,0.01234567901,0.1687242798,0.5226337449,0.2962962963
0.927,0,0,0,0,0,0,0.01185191157,0.1648985139,0.5209065997,0.3023429748
0.928,0,0,0,0,0,0,0.01137148836,0.1610960851,0.5190610625,0.308471364
0.929,0,0,0,0,0,0,0.0109042266,0.1573177857,0.5170959755,0.3146820122
0.93,0,0,0,0,0,0,0.01044994349,0.1535644077,0.515010181,0.3209754678
0.931,0,0,0,0,0,0,0.01000845623,0.1498367432,0.5128025213,0.3273522792
0.932,0,0,0,0,0,0,0.009579582017,0.1461355845,0.5104718386,0.3338129949
0.933,0,0,0,0,0,0,0.009163138059,0.1424617236,0.5080169753,0.3403581631
0.934,0,0,0,0,0,0,0.008758941557,0.1388159525,0.5054367735,0.3469883324
0.935,0,0,0,0,0,0,0.008366809712,0.1351990636,0.5027300757,0.353704051
0.936,0,0,0,0,0,0,0.007986559727,0.1316118488,0.499895724,0.3605058674
0.937,0,0,0,0,0,0,0.007618008805,0.1280551004,0.4969325608,0.36739433
0.938,0,0,0,0,0,0,0.007260974147,0.1245296104,0.4938394283,0.3743699872
0.939,0,0,0,0,0,0,0.006915272955,0.1210361709,0.4906151688,0.3814333874
0.94,0,0,0,0,0,0,0.006580722432,0.1175755741,0.4872586246,0.3885850789
0.941,0,0,0,0,0,0,0.006257139779,0.1141486121,0.483768638,0.3958256101
0.942,0,0,0,0,0,0,0.0059443422,0.1107560771,0.4801440512,0.4031555295
0.943,0,0,0,0,0,0,0.005642146895,0.1073987611,0.4763837066,0.4105753855
0.944,0,0,0,0,0,0,0.005350371067,0.1040774562,0.4724864464,0.4180857263
0.945,0,0,0,0,0,0,0.005068831919,0.1007929547,0.4684511128,0.4256871005
0.946,0,0,0,0,0,0,0.004797346653,0.09754604861,0.4642765483,0.4333800565
0.947,0,0,0,0,0,0,0.00453573247,0.09433753005,0.459961595,0.4411651425
0.948,0,0,0,0,0,0,0.004283806573,0.09116819116,0.4555050952,0.449042907
0.949,0,0,0,0,0,0,0.004041386163,0.08803882407,0.4509058913,0.4570138985
0.95,0,0,0,0,0,0,0.003808288444,0.0849502209,0.4461628254,0.4650786652
0.951,0,0,0,0,0,0,0.003584330617,0.08190317377,0.44127474,0.4732377557
0.952,0,0,0,0,0,0,0.003369329885,0.07889847481,0.4362404771,0.4814917182
0.953,0,0,0,0,0,0,0.003163103449,0.07593691614,0.4310588793,0.4898411011
0.954,0,0,0,0,0,0,0.002965468512,0.07301928988,0.4257287886,0.498286453
0.955,0,0,0,0,0,0,0.002776242276,0.07014638817,0.4202490474,0.5068283221
0.956,0,0,0,0,0,0,0.002595241943,0.06731900312,0.4146184981,0.5154672569
0.957,0,0,0,0,0,0,0.002422284715,0.06453792686,0.4088359827,0.5242038057
0.958,0,0,0,0,0,0,0.002257187794,0.0618039515,0.4029003437,0.533038517
0.959,0,0,0,0,0,0,0.002099768383,0.05911786919,0.3968104234,0.5419719391
0.96,0,0,0,0,0,0,0.001949843683,0.05648047203,0.3905650639,0.5510046204
0.961,0,0,0,0,0,0,0.001807230898,0.05389255216,0.3841631076,0.5601371094
0.962,0,0,0,0,0,0,0.001671747228,0.05135490169,0.3776033968,0.5693699543
0.963,0,0,0,0,0,0,0.001543209877,0.04886831276,0.3708847737,0.5787037037
0.964,0,0,0,0,0,0,0.001421436045,0.04643357748,0.3640060806,0.5881389059
0.965,0,0,0,0,0,0,0.001306242936,0.04405148798,0.3569661598,0.5976761093
0.966,0,0,0,0,0,0,0.001197447752,0.04172283638,0.3497638536,0.6073158622
0.967,0,0,0,0,0,0,0.001094867695,0.03944841481,0.3423980043,0.6170587132
0.968,0,0,0,0,0,0,0.0009983199659,0.0372290154,0.3348674541,0.6269052105
0.969,0,0,0,0,0,0,0.0009076217683,0.03506543025,0.3271710453,0.6368559027
0.97,0,0,0,0,0,0,0.000822590304,0.03295845151,0.3193076203,0.6469113379
0.971,0,0,0,0,0,0,0.0007430427749,0.03090887129,0.3112760212,0.6570720648
0.972,0,0,0,0,0,0,0.0006687963834,0.02891748172,0.3030750903,0.6673386315
0.973,0,0,0,0,0,0,0.0005996683316,0.02698507492,0.2947036701,0.6777115867
0.974,0,0,0,0,0,0,0.0005354758216,0.02511244302,0.2861606026,0.6881914785
0.975,0,0,0,0,0,0,0.0004760360555,0.02330037813,0.2774447303,0.6987788556
0.976,0,0,0,0,0,0,0.0004211662356,0.02154967239,0.2685548953,0.7094742661
0.977,0,0,0,0,0,0,0.000370683564,0.01986111792,0.25948994,0.7202782585
0.978,0,0,0,0,0,0,0.0003244052428,0.01823550683,0.2502487066,0.7311913813
0.979,0,0,0,0,0,0,0.0002821484743,0.01667363126,0.2408300375,0.7422141828
0.98,0,0,0,0,0,0,0.0002437304604,0.01517628334,0.2312327749,0.7533472113
0.981,0,0,0,0,0,0,0.0002089684035,0.01374425517,0.221455761,0.7645910154
0.982,0,0,0,0,0,0,0.0001776795057,0.01237833889,0.2114978382,0.7759461434
0.983,0,0,0,0,0,0,0.000149680969,0.01107932663,0.2013578488,0.7874131436
0.984,0,0,0,0,0,0,0.0001247899957,0.009848010497,0.191034635,0.7989925645
0.985,0,0,0,0,0,0,0.000102823788,0.008685182626,0.1805270391,0.8106849545
0.986,0,0,0,0,0,0,8.359954793e-05,0.007591635138,0.1698339034,0.8224908619
0.987,0,0,0,0,0,0,6.69344777e-05,0.006568160158,0.1589540701,0.8344108352
0.988,0,0,0,0,0,0,5.264577945e-05,0.005615549808,0.1478863816,0.8464454228
0.989,0,0,0,0,0,0,4.055065535e-05,0.004734596215,0.1366296802,0.858595173
0.99,0,0,0,0,0,0,3.046630755e-05,0.0039260915,0.125182808,0.8708606342
0.991,0,0,0,0,0,0,2.220993821e-05,0.003190827789,0.1135446074,0.8832423548
0.992,0,0,0,0,0,0,1.559874947e-05,0.002529597205,0.1017139207,0.8957408833
0.993,0,0,0,0,0,0,1.044994349e-05,0.001943191873,0.08968959017,0.908356768
0.994,0,0,0,0,0,0,6.580722432e-06,0.001432403916,0.07747045804,0.9210905573
0.995,0,0,0,0,0,0,3.808288444e-06,0.0009980254583,0.06505536662,0.9339427996
0.996,0,0,0,0,0,0,1.949843683e-06,0.000640848624,0.0524431582,0.9469140433
0.997,0,0,0,0,0,0,8.22590304e-07,0.000361665537,0.03963267504,0.9600048368
0.998,0,0,0,0,0,0,2.437304604e-07,0.0001612683213,0.02662275944,0.9732157285
0.999,0,0,0,0,0,0,3.046630755e-08,4.0449101e-05,0.01341225366,0.9865472668
1,0,0,0,0,0,0,0,0,0,1
